Workbook

Sheet galerie lafayette
A1: Synthèse vente
A2: TOTAL | B2: =E15 -> 707000
A3: MOYENNE | B3: =AVERAGE(E8:E13) -> 117833.33
A4: MAX | B4: =MAX(E8:E13) -> 182000
A5: MIN | B5: =MIN(E8:E13) -> 50000
B7: janvier | C7: février | D7: mars | E7: total | F7: Moyenne | G7: Max | H7: Minimum
A8: Cosmétique | B8: 15000 | C8: 17000 | D8: 18000 | E8: =SUM(B8:D8) -> 50000 | F8: =AVERAGE(B8:D8) -> 16666.667 | G8: =MAX(B8:D8) -> 18000 | H8: =MIN(B8:D8) -> 15000
A9: Librairie | B9: 25000 | C9: 33000 | D9: 24000 | E9: =SUM(B9:D9) -> 82000 | F9: =AVERAGE(B9:D9) -> 27333.333 | G9: =MAX(B9:D9) -> 33000 | H9: =MIN(B9:D9) -> 24000
A10: Maroquinerie | B10: 35000 | C10: 31000 | D10: 30000 | E10: =SUM(B10:D10) -> 96000 | F10: =AVERAGE(B10:D10) -> 32000 | G10: =MAX(B10:D10) -> 35000 | H10: =MIN(B10:D10) -> 30000
A11: Habillement | B11: 64000 | C11: 64000 | D11: 54000 | E11: =SUM(B11:D11) -> 182000 | F11: =AVERAGE(B11:D11) -> 60666.667 | G11: =MAX(B11:D11) -> 64000 | H11: =MIN(B11:D11) -> 54000
A12: Hi-fi | B12: 52000 | C12: 50000 | D12: 64000 | E12: =SUM(B12:D12) -> 166000 | F12: =AVERAGE(B12:D12) -> 55333.333 | G12: =MAX(B12:D12) -> 64000 | H12: =MIN(B12:D12) -> 50000
A13: CD-DVD | B13: 41000 | C13: 40000 | D13: 50000 | E13: =SUM(B13:D13) -> 131000 | F13: =AVERAGE(B13:D13) -> 43666.667 | G13: =MAX(B13:D13) -> 50000 | H13: =MIN(B13:D13) -> 40000
A15: Total mois | B15: =SUM(B8:B14) -> 232000 | C15: =SUM(C8:C14) -> 235000 | D15: =SUM(D8:D14) -> 240000 | E15: =SUM(E8:E14) -> 707000
A16: TVA 20% | B16: =B15*20% -> 46400 | C16: =C15*20% -> 47000 | D16: =D15*20% -> 48000 | E16: =E15*20% -> 141400
A17: TTC | B17: =SUM(B15+B16) -> 278400 | C17: =SUM(C15+C16) -> 282000 | D17: =SUM(D15+D16) -> 288000 | E17: =SUM(E15+E16) -> 848400

Sheet printemps
A1: Synthèse vente
A2: TOTAL | B2: =E15 -> 764000
A3: MOYENNE | B3: =AVERAGE(E8:E13) -> 127333.33
A4: MAX | B4: =MAX(E8:E13) -> 182000
A5: MIN | B5: =MIN(E8:E13) -> 47000
B7: janvier | C7: février | D7: mars | E7: total | F7: Moyenne | G7: Max | H7: Minimum
A8: Cosmétique | B8: 12000 | C8: 17000 | D8: 18000 | E8: =SUM(B8:D8) -> 47000 | F8: =AVERAGE(B8:D8) -> 15666.667 | G8: =MAX(B8:D8) -> 18000 | H8: =MIN(B8:D8) -> 12000
A9: Librairie | B9: 25000 | C9: 133000 | D9: 24000 | E9: =SUM(B9:D9) -> 182000 | F9: =AVERAGE(B9:D9) -> 60666.667 | G9: =MAX(B9:D9) -> 133000 | H9: =MIN(B9:D9) -> 24000
A10: Maroquinerie | B10: 35000 | C10: 31000 | D10: 30000 | E10: =SUM(B10:D10) -> 96000 | F10: =AVERAGE(B10:D10) -> 32000 | G10: =MAX(B10:D10) -> 35000 | H10: =MIN(B10:D10) -> 30000
A11: Habillement | B11: 64000 | C11: 64000 | D11: 14000 | E11: =SUM(B11:D11) -> 142000 | F11: =AVERAGE(B11:D11) -> 47333.333 | G11: =MAX(B11:D11) -> 64000 | H11: =MIN(B11:D11) -> 14000
A12: Hi-fi | B12: 52000 | C12: 50000 | D12: 64000 | E12: =SUM(B12:D12) -> 166000 | F12: =AVERAGE(B12:D12) -> 55333.333 | G12: =MAX(B12:D12) -> 64000 | H12: =MIN(B12:D12) -> 50000
A13: CD-DVD | B13: 41000 | C13: 40000 | D13: 50000 | E13: =SUM(B13:D13) -> 131000 | F13: =AVERAGE(B13:D13) -> 43666.667 | G13: =MAX(B13:D13) -> 50000 | H13: =MIN(B13:D13) -> 40000
A15: Total mois | B15: =SUM(B8:B14) -> 229000 | C15: =SUM(C8:C14) -> 335000 | D15: =SUM(D8:D14) -> 200000 | E15: =SUM(E8:E14) -> 764000
A16: TVA 20% | B16: =B15*20% -> 45800 | C16: =C15*20% -> 67000 | D16: =D15*20% -> 40000 | E16: =E15*20% -> 152800
A17: TTC | B17: =SUM(B15+B16) -> 274800 | C17: =SUM(C15+C16) -> 402000 | D17: =SUM(D15+D16) -> 240000 | E17: =SUM(E15+E16) -> 916800

Sheet Le bon marché
A1: Synthèse vente
A2: TOTAL | B2: =E15 -> 597000
A3: MOYENNE | B3: =AVERAGE(E8:E13) -> 99500
A4: MAX | B4: =MAX(E8:E13) -> 132000
A5: MIN | B5: =MIN(E8:E13) -> 50000
B7: janvier | C7: février | D7: mars | E7: total | F7: Moyenne | G7: Max | H7: Minimum
A8: Cosmétique | B8: 15000 | C8: 17000 | D8: 18000 | E8: =SUM(B8:D8) -> 50000 | F8: =AVERAGE(B8:D8) -> 16666.667 | G8: =MAX(B8:D8) -> 18000 | H8: =MIN(B8:D8) -> 15000
A9: Librairie | B9: 15000 | C9: 33000 | D9: 24000 | E9: =SUM(B9:D9) -> 72000 | F9: =AVERAGE(B9:D9) -> 24000 | G9: =MAX(B9:D9) -> 33000 | H9: =MIN(B9:D9) -> 15000
A10: Maroquinerie | B10: 35000 | C10: 31000 | D10: 30000 | E10: =SUM(B10:D10) -> 96000 | F10: =AVERAGE(B10:D10) -> 32000 | G10: =MAX(B10:D10) -> 35000 | H10: =MIN(B10:D10) -> 30000
A11: Habillement | B11: 64000 | C11: 14000 | D11: 54000 | E11: =SUM(B11:D11) -> 132000 | F11: =AVERAGE(B11:D11) -> 44000 | G11: =MAX(B11:D11) -> 64000 | H11: =MIN(B11:D11) -> 14000
A12: Hi-fi | B12: 52000 | C12: 50000 | D12: 14000 | E12: =SUM(B12:D12) -> 116000 | F12: =AVERAGE(B12:D12) -> 38666.667 | G12: =MAX(B12:D12) -> 52000 | H12: =MIN(B12:D12) -> 14000
A13: CD-DVD | B13: 41000 | C13: 40000 | D13: 50000 | E13: =SUM(B13:D13) -> 131000 | F13: =AVERAGE(B13:D13) -> 43666.667 | G13: =MAX(B13:D13) -> 50000 | H13: =MIN(B13:D13) -> 40000
A15: Total mois | B15: =SUM(B8:B14) -> 222000 | C15: =SUM(C8:C14) -> 185000 | D15: =SUM(D8:D14) -> 190000 | E15: =SUM(E8:E14) -> 597000
A16: TVA 20% | B16: =B15*20% -> 44400 | C16: =C15*20% -> 37000 | D16: =D15*20% -> 38000 | E16: =E15*20% -> 119400
A17: TTC | B17: =SUM(B15+B16) -> 266400 | C17: =SUM(C15+C16) -> 222000 | D17: =SUM(D15+D16) -> 228000 | E17: =SUM(E15+E16) -> 716400

Sheet BHV
A1: Synthèse vente
A2: TOTAL | B2: =E15 -> 612000
A3: MOYENNE | B3: =AVERAGE(E8:E13) -> 102000
A4: MAX | B4: =MAX(E8:E13) -> 166000
A5: MIN | B5: =MIN(E8:E13) -> 41000
B7: janvier | C7: février | D7: mars | E7: total | F7: Moyenne | G7: Max | H7: Minimum
A8: Cosmétique | B8: 15000 | C8: 17000 | D8: 18000 | E8: =SUM(B8:D8) -> 50000 | F8: =AVERAGE(B8:D8) -> 16666.667 | G8: =MAX(B8:D8) -> 18000 | H8: =MIN(B8:D8) -> 15000
A9: Librairie | B9: 25000 | C9: 33000 | D9: 24000 | E9: =SUM(B9:D9) -> 82000 | F9: =AVERAGE(B9:D9) -> 27333.333 | G9: =MAX(B9:D9) -> 33000 | H9: =MIN(B9:D9) -> 24000
A10: Maroquinerie | B10: 1000 | C10: 10000 | D10: 30000 | E10: =SUM(B10:D10) -> 41000 | F10: =AVERAGE(B10:D10) -> 13666.667 | G10: =MAX(B10:D10) -> 30000 | H10: =MIN(B10:D10) -> 1000
A11: Habillement | B11: 64000 | C11: 64000 | D11: 14000 | E11: =SUM(B11:D11) -> 142000 | F11: =AVERAGE(B11:D11) -> 47333.333 | G11: =MAX(B11:D11) -> 64000 | H11: =MIN(B11:D11) -> 14000
A12: Hi-fi | B12: 52000 | C12: 50000 | D12: 64000 | E12: =SUM(B12:D12) -> 166000 | F12: =AVERAGE(B12:D12) -> 55333.333 | G12: =MAX(B12:D12) -> 64000 | H12: =MIN(B12:D12) -> 50000
A13: CD-DVD | B13: 41000 | C13: 40000 | D13: 50000 | E13: =SUM(B13:D13) -> 131000 | F13: =AVERAGE(B13:D13) -> 43666.667 | G13: =MAX(B13:D13) -> 50000 | H13: =MIN(B13:D13) -> 40000
A15: Total mois | B15: =SUM(B8:B14) -> 198000 | C15: =SUM(C8:C14) -> 214000 | D15: =SUM(D8:D14) -> 200000 | E15: =SUM(E8:E14) -> 612000
A16: TVA 20% | B16: =B15*20% -> 39600 | C16: =C15*20% -> 42800 | D16: =D15*20% -> 40000 | E16: =E15*20% -> 122400
A17: TTC | B17: =SUM(B15+B16) -> 237600 | C17: =SUM(C15+C16) -> 256800 | D17: =SUM(D15+D16) -> 240000 | E17: =SUM(E15+E16) -> 734400

Sheet récap
A2: par magasin | D2: par mois | G2: par produit
A4: Galeries Lafayette | B4: =('galerie lafayette'!E15) -> 707000 | D4: Janvier | E4: =SUM('galerie lafayette:BHV'!B15) -> 881000 | G4: Cosmétique | H4: =SUM('galerie lafayette:BHV'!E8) -> 197000
A5: Printemps | B5: =(printemps!E15) -> 764000 | D5: Février | E5: =SUM('galerie lafayette:BHV'!C15) -> 969000 | G5: Librairie | H5: =SUM('galerie lafayette:BHV'!E9) -> 418000
A6: Bon marché | B6: =('Le bon marché'!E15) -> 597000 | D6: Mars | E6: =SUM('galerie lafayette:BHV'!D15) -> 830000 | G6: Maroquinerie | H6: =SUM('galerie lafayette:BHV'!E10) -> 329000
A7: BHV | B7: =(BHV!E15) -> 612000 | D7: Total | E7: =SUM(E4:E6) -> 2680000 | G7: Habillement | H7: =SUM('galerie lafayette:BHV'!E11) -> 598000
A8: Total | B8: =SUM(B4:B7) -> 2680000 | G8: Hi-fi | H8: =SUM('galerie lafayette:BHV'!E12) -> 614000
G9: CD | H9: =SUM('galerie lafayette:BHV'!E13) -> 524000
G10: Total | H10: =SUM(H4:H9) -> 2680000
