Workbook

Sheet trimestre 4 (2)
B5: juillet | C5: août | D5: septembre | E5: total | F5: Moyenne | G5: Maximum | H5: Minimum
A6: combinaison | B6: 18000 | E6: =SUM(B6:D6) -> 18000 | F6: =AVERAGE(B6:D6) -> 18000 | G6: =MAX(B6:D6) -> 18000 | H6: =MIN(B6:D6) -> 18000
A7: gants | D7: 56000 | E7: =SUM(B7:D7) -> 56000 | F7: =AVERAGE(B7:D7) -> 56000 | G7: =MAX(B7:D7) -> 56000 | H7: =MIN(B7:D7) -> 56000
A8: Chaussures | C8: 21000 | E8: =SUM(B8:D8) -> 21000 | F8: =AVERAGE(B8:D8) -> 21000 | G8: =MAX(B8:D8) -> 21000 | H8: =MIN(B8:D8) -> 21000
A9: Skis | E9: =SUM(B9:D9) -> 0 | F9: =AVERAGE(B9:D9) -> #DIV/0! | G9: =MAX(B9:D9) -> 0 | H9: =MIN(B9:D9) -> 0
A10: bâtons | D10: 95000 | E10: =SUM(B10:D10) -> 95000 | F10: =AVERAGE(B10:D10) -> 95000 | G10: =MAX(B10:D10) -> 95000 | H10: =MIN(B10:D10) -> 95000
A11: Total | B11: =SUM(B6:B10) -> 18000 | C11: =SUM(C6:C10) -> 21000 | D11: =SUM(D6:D10) -> 151000 | E11: =SUM(E6:E10) -> 190000
A12: TVA 20% | B12: =B11*20% -> 3600 | C12: =C11*20% -> 4200 | D12: =D11*20% -> 30200
A13: TTC | B13: =SUM(B11:B12) -> 21600 | C13: =SUM(C11:C12) -> 25200 | D13: =SUM(D11:D12) -> 181200
A14: Moyenne | B14: =AVERAGE(B6:B10) -> 18000 | C14: =AVERAGE(C6:C10) -> 21000 | D14: =AVERAGE(D6:D10) -> 75500
A15: Maximum | B15: =MAX(B6:B10) -> 18000 | C15: =MAX(C6:C10) -> 21000 | D15: =MAX(D6:D10) -> 95000
A16: Minimum | B16: =MIN(B6:B10) -> 18000 | C16: =MIN(C6:C10) -> 21000 | D16: =MIN(D6:D10) -> 56000

Sheet Feuil1
A2: 44197 | C2: 44198 | D2: 44197
A3: 44200 | C3: 44229 | D3: 44228
A4: 44201 | C4: 44257 | D4: 44256
A5: 44202 | C5: 44288 | D5: 44287
A6: 44203 | C6: 44318 | D6: 44317
A7: 44204 | C7: 44349 | D7: 44348
A8: 44207 | C8: 44379
A9: 44208 | C9: 44410
A10: 44209 | C10: 44441
A11: 44210 | C11: 44471
A12: 44211 | C12: 44502
A13: 44214 | C13: 44532
A14: 44215 | C14: 44563
A15: 44216 | C15: 44594
A16: 44217
A17: 44218
A18: 44221
A19: 44222
A20: 44223
A21: 44224
A22: 44225
A23: 44228
A24: 44229
A25: 44230
A26: 44231
A27: 44232
... A44: 44257

Sheet Feuil2
C1: Lundi | E1: Mardi | G1: Mercredi | I1: Jeudi | K1: Vendredi
A2: 0.33333333 | D2: 0.33333333
A3: 0.35416667 | D3: 0.35416667 | E3: madame ffffffffffffffffff
A4: 0.375 | D4: 0.375
A5: 0.39583333 | D5: 0.39583333
A6: 0.41666667 | D6: 0.41666667
A7: 0.4375 | D7: 0.4375
A8: 0.45833333 | D8: 0.45833333
A9: 0.47916667 | D9: 0.47916667
A10: 0.5 | D10: 0.5
A11: 0.52083333 | D11: 0.52083333
A12: 0.54166667 | D12: 0.54166667
A13: 0.5625 | D13: 0.5625
A14: 0.58333333 | D14: 0.58333333
A15: 0.60416667 | D15: 0.60416667
... A28: 0.77083333 | D28: 0.77083333

Sheet trimestre 1
B5: janvier | C5: février | D5: mars | E5: total | F5: Moyenne | G5: Maximum | H5: Minimum
A6: combinaison | B6: 25321 | C6: 25589 | D6: 19874 | E6: =SUM(B6:D6) -> 70784 | F6: =AVERAGE(B6:D6) -> 23594.667 | G6: =MAX(B6:D6) -> 25589 | H6: =MIN(B6:D6) -> 19874
A7: gants | B7: 12000 | C7: 15239 | D7: 12569 | E7: =SUM(B7:D7) -> 39808 | F7: =AVERAGE(B7:D7) -> 13269.333 | G7: =MAX(B7:D7) -> 15239 | H7: =MIN(B7:D7) -> 12000
A8: Chaussures | B8: 51000 | C8: 52369 | D8: 51459 | E8: =SUM(B8:D8) -> 154828 | F8: =AVERAGE(B8:D8) -> 51609.333 | G8: =MAX(B8:D8) -> 52369 | H8: =MIN(B8:D8) -> 51000
A9: Skis | B9: 23000 | C9: 59745 | D9: 51236 | E9: =SUM(B9:D9) -> 133981 | F9: =AVERAGE(B9:D9) -> 44660.333 | G9: =MAX(B9:D9) -> 59745 | H9: =MIN(B9:D9) -> 23000
A10: bâtons | B10: 12301 | C10: 11458 | D10: 12654 | E10: =SUM(B10:D10) -> 36413 | F10: =AVERAGE(B10:D10) -> 12137.667 | G10: =MAX(B10:D10) -> 12654 | H10: =MIN(B10:D10) -> 11458
A11: Total | B11: =SUM(B6:B10) -> 123622 | C11: =SUM(C6:C10) -> 164400 | D11: =SUM(D6:D10) -> 147792 | E11: =SUM(B11:D11) -> 435814
A12: TVA 20% | B12: =B11*20% -> 24724.4 | C12: =C11*20% -> 32880 | D12: =D11*20% -> 29558.4
A13: TTC | B13: =SUM(B11:B12) -> 148346.4 | C13: =SUM(C11:C12) -> 197280 | D13: =SUM(D11:D12) -> 177350.4
A14: Moyenne | B14: =AVERAGE(B6:B10) -> 24724.4 | C14: =AVERAGE(C6:C10) -> 32880 | D14: =AVERAGE(D6:D10) -> 29558.4
A15: Maximum | B15: =MAX(B6:B10) -> 51000 | C15: =MAX(C6:C10) -> 59745 | D15: =MAX(D6:D10) -> 51459
A16: Minimum | B16: =MIN(B6:B10) -> 12000 | C16: =MIN(C6:C10) -> 11458 | D16: =MIN(D6:D10) -> 12569

Sheet trimestre 2
B5: Avril | C5: Mai | D5: Juin | E5: total | F5: Moyenne | G5: Maximum | H5: Minimum
A6: combinaison | B6: 15000 | E6: =SUM(B6:D6) -> 15000 | F6: =AVERAGE(B6:D6) -> 15000 | G6: =MAX(B6:D6) -> 15000 | H6: =MIN(B6:D6) -> 15000
A7: gants | D7: 85000 | E7: =SUM(B7:D7) -> 85000 | F7: =AVERAGE(B7:D7) -> 85000 | G7: =MAX(B7:D7) -> 85000 | H7: =MIN(B7:D7) -> 85000
A8: Chaussures | C8: 13000 | E8: =SUM(B8:D8) -> 13000 | F8: =AVERAGE(B8:D8) -> 13000 | G8: =MAX(B8:D8) -> 13000 | H8: =MIN(B8:D8) -> 13000
A9: Skis | C9: 260000 | E9: =SUM(B9:D9) -> 260000 | F9: =AVERAGE(B9:D9) -> 260000 | G9: =MAX(B9:D9) -> 260000 | H9: =MIN(B9:D9) -> 260000
A10: bâtons | D10: 25000 | E10: =SUM(B10:D10) -> 25000 | F10: =AVERAGE(B10:D10) -> 25000 | G10: =MAX(B10:D10) -> 25000 | H10: =MIN(B10:D10) -> 25000
A11: Total | B11: =SUM(B6:B10) -> 15000 | C11: =SUM(C6:C10) -> 273000 | D11: =SUM(D6:D10) -> 110000 | E11: =SUM(E6:E10) -> 398000
A12: TVA 20% | B12: =B11*20% -> 3000 | C12: =C11*20% -> 54600 | D12: =D11*20% -> 22000
A13: TTC | B13: =SUM(B11:B12) -> 18000 | C13: =SUM(C11:C12) -> 327600 | D13: =SUM(D11:D12) -> 132000
A14: Moyenne | B14: =AVERAGE(B6:B10) -> 15000 | C14: =AVERAGE(C6:C10) -> 136500 | D14: =AVERAGE(D6:D10) -> 55000
A15: Maximum | B15: =MAX(B6:B10) -> 15000 | C15: =MAX(C6:C10) -> 260000 | D15: =MAX(D6:D10) -> 85000
A16: Minimum | B16: =MIN(B6:B10) -> 15000 | C16: =MIN(C6:C10) -> 13000 | D16: =MIN(D6:D10) -> 25000

Sheet trimestre 3
B5: juillet | C5: août | D5: septembre | E5: total | F5: Moyenne | G5: Maximum | H5: Minimum
A6: combinaison | B6: 18000 | E6: =SUM(B6:D6) -> 18000 | F6: =AVERAGE(B6:D6) -> 18000 | G6: =MAX(B6:D6) -> 18000 | H6: =MIN(B6:D6) -> 18000
A7: gants | D7: 56000 | E7: =SUM(B7:D7) -> 56000 | F7: =AVERAGE(B7:D7) -> 56000 | G7: =MAX(B7:D7) -> 56000 | H7: =MIN(B7:D7) -> 56000
A8: Chaussures | C8: 21000 | E8: =SUM(B8:D8) -> 21000 | F8: =AVERAGE(B8:D8) -> 21000 | G8: =MAX(B8:D8) -> 21000 | H8: =MIN(B8:D8) -> 21000
A9: Skis | E9: =SUM(B9:D9) -> 0 | F9: =AVERAGE(B9:D9) -> #DIV/0! | G9: =MAX(B9:D9) -> 0 | H9: =MIN(B9:D9) -> 0
A10: bâtons | D10: 95000 | E10: =SUM(B10:D10) -> 95000 | F10: =AVERAGE(B10:D10) -> 95000 | G10: =MAX(B10:D10) -> 95000 | H10: =MIN(B10:D10) -> 95000
A11: Total | B11: =SUM(B6:B10) -> 18000 | C11: =SUM(C6:C10) -> 21000 | D11: =SUM(D6:D10) -> 151000 | E11: =SUM(E6:E10) -> 190000
A12: TVA 20% | B12: =B11*20% -> 3600 | C12: =C11*20% -> 4200 | D12: =D11*20% -> 30200
A13: TTC | B13: =SUM(B11:B12) -> 21600 | C13: =SUM(C11:C12) -> 25200 | D13: =SUM(D11:D12) -> 181200
A14: Moyenne | B14: =AVERAGE(B6:B10) -> 18000 | C14: =AVERAGE(C6:C10) -> 21000 | D14: =AVERAGE(D6:D10) -> 75500
A15: Maximum | B15: =MAX(B6:B10) -> 18000 | C15: =MAX(C6:C10) -> 21000 | D15: =MAX(D6:D10) -> 95000
A16: Minimum | B16: =MIN(B6:B10) -> 18000 | C16: =MIN(C6:C10) -> 21000 | D16: =MIN(D6:D10) -> 56000

Sheet trimestre 4
B5: octobre | C5: novembre | D5: decembre | E5: total | F5: Moyenne | G5: Maximum | H5: Minimum
A6: combinaison | B6: 23000 | E6: =SUM(B6:D6) -> 23000 | F6: =AVERAGE(B6:D6) -> 23000 | G6: =MAX(B6:D6) -> 23000 | H6: =MIN(B6:D6) -> 23000
A7: gants | C7: 54000 | E7: =SUM(B7:D7) -> 54000 | F7: =AVERAGE(B7:D7) -> 54000 | G7: =MAX(B7:D7) -> 54000 | H7: =MIN(B7:D7) -> 54000
A8: Chaussures | D8: 56000 | E8: =SUM(B8:D8) -> 56000 | F8: =AVERAGE(B8:D8) -> 56000 | G8: =MAX(B8:D8) -> 56000 | H8: =MIN(B8:D8) -> 56000
A9: Skis | D9: 15000 | E9: =SUM(B9:D9) -> 15000 | F9: =AVERAGE(B9:D9) -> 15000 | G9: =MAX(B9:D9) -> 15000 | H9: =MIN(B9:D9) -> 15000
A10: bâtons | B10: 11000 | E10: =SUM(B10:D10) -> 11000 | F10: =AVERAGE(B10:D10) -> 11000 | G10: =MAX(B10:D10) -> 11000 | H10: =MIN(B10:D10) -> 11000
A11: Total | B11: =SUM(B6:B10) -> 34000 | C11: =SUM(C6:C10) -> 54000 | D11: =SUM(D6:D10) -> 71000 | E11: =SUM(E6:E10) -> 159000
A12: TVA 20% | B12: =B11*20% -> 6800 | C12: =C11*20% -> 10800 | D12: =D11*20% -> 14200
A13: TTC | B13: =SUM(B11:B12) -> 40800 | C13: =SUM(C11:C12) -> 64800 | D13: =SUM(D11:D12) -> 85200
A14: Moyenne | B14: =AVERAGE(B6:B10) -> 17000 | C14: =AVERAGE(C6:C10) -> 54000 | D14: =AVERAGE(D6:D10) -> 35500
A15: Maximum | B15: =MAX(B6:B10) -> 23000 | C15: =MAX(C6:C10) -> 54000 | D15: =MAX(D6:D10) -> 56000
A16: Minimum | B16: =MIN(B6:B10) -> 11000 | C16: =MIN(C6:C10) -> 54000 | D16: =MIN(D6:D10) -> 15000

Sheet recap
A2: récapitulatif trimestres | E2: Récapitulatif mois | I2: Récapitulatif par produits
B4: Total | F4: Total | J4: Total | K4: Total
A5: TRIMESTRE 1 | B5: ='trimestre 1'!E11 -> 435814 | E5: janvier | F5: ='trimestre 1'!B11 -> 123622 | I5: combinaison | J5: ='trimestre 1'!E6+'trimestre 2'!E6+'trimestre 3'!E6+'trimestre 4'!E6 -> 126784 | K5: =SUM('trimestre 1:trimestre 4'!E6) -> 126784
A6: TRIMESTRE 2 | B6: ='trimestre 2'!E11 -> 398000 | E6: février | F6: ='trimestre 1'!C11 -> 164400 | I6: gants | J6: ='trimestre 1'!E7+'trimestre 2'!E7+'trimestre 3'!E7+'trimestre 4'!E7 -> 234808 | K6: =SUM('trimestre 1:trimestre 4'!E7) -> 234808
A7: TRIMESTRE 3 | B7: ='trimestre 3'!E11 -> 190000 | E7: mars | F7: ='trimestre 1'!D11 -> 147792 | I7: Chaussures | J7: ='trimestre 1'!E8+'trimestre 2'!E8+'trimestre 3'!E8+'trimestre 4'!E8 -> 244828 | K7: =SUM('trimestre 1:trimestre 4'!E8) -> 244828
A8: TRIMESTRE 4 | B8: ='trimestre 4'!E11 -> 159000 | E8: avril | F8: ='trimestre 2'!B11 -> 15000 | I8: Skis | J8: ='trimestre 1'!E9+'trimestre 2'!E9+'trimestre 3'!E9+'trimestre 4'!E9 -> 408981 | K8: =SUM('trimestre 1:trimestre 4'!E9) -> 408981
A9: Total | B9: =SUM(B5:B8) -> 1182814 | E9: mai | F9: ='trimestre 2'!C11 -> 273000 | I9: bâtons | J9: ='trimestre 1'!E10+'trimestre 2'!E10+'trimestre 3'!E10+'trimestre 4'!E10 -> 167413 | K9: =SUM('trimestre 1:trimestre 4'!E10) -> 167413
E10: juin | F10: ='trimestre 2'!D11 -> 110000 | I10: Total | J10: =SUM(J5:J9) -> 1182814 | K10: =SUM(K5:K9) -> 1182814
E11: juillet | F11: ='trimestre 3'!B11 -> 18000
E12: août | F12: ='trimestre 3'!C11 -> 21000
E13: septembre | F13: ='trimestre 3'!D11 -> 151000
E14: octobre | F14: ='trimestre 4'!B11 -> 34000
E15: novembre | F15: ='trimestre 4'!C11 -> 54000
E16: décembre | F16: ='trimestre 4'!D11 -> 71000
E17: Total | F17: =SUM(F5:F16) -> 1182814
