Workbook

Sheet Galeries Lafayette
A1: Synthèse ventes
A2: TOTAL | B2: =SUM(E8:E13) -> 707000
A3: MOYENNE | B3: =AVERAGE(E8:E13) -> 117833.33
A4: MAX | B4: =MAX(E8:E13) -> 182000
A5: MIN | B5: =MIN(E8:E13) -> 50000
B7: Janvier | C7: Février | D7: Mars | E7: Total | F7: Moyenne | G7: Maximum | H7: Minimun
A8: Cosmétique | B8: 15000 | C8: 17000 | D8: 18000 | E8: =SUM(B8:D8) -> 50000 | F8: =AVERAGE(B8:D8) -> 16666.667 | G8: =MAX(B8:D8) -> 18000 | H8: =MIN(B8:D8) -> 15000
A9: Librairie | B9: 25000 | C9: 33000 | D9: 24000 | E9: =SUM(B9:D9) -> 82000 | F9: =AVERAGE(B9:D9) -> 27333.333 | G9: =MAX(B9:D9) -> 33000 | H9: =MIN(B9:D9) -> 24000
A10: Maroquinerie | B10: 35000 | C10: 31000 | D10: 30000 | E10: =SUM(B10:D10) -> 96000 | F10: =AVERAGE(B10:D10) -> 32000 | G10: =MAX(B10:D10) -> 35000 | H10: =MIN(B10:D10) -> 30000
A11: Habillement | B11: 64000 | C11: 64000 | D11: 54000 | E11: =SUM(B11:D11) -> 182000 | F11: =AVERAGE(B11:D11) -> 60666.667 | G11: =MAX(B11:D11) -> 64000 | H11: =MIN(B11:D11) -> 54000
A12: Hi-fi | B12: 52000 | C12: 50000 | D12: 64000 | E12: =SUM(B12:D12) -> 166000 | F12: =AVERAGE(B12:D12) -> 55333.333 | G12: =MAX(B12:D12) -> 64000 | H12: =MIN(B12:D12) -> 50000
A13: CD | B13: 41000 | C13: 40000 | D13: 50000 | E13: =SUM(B13:D13) -> 131000 | F13: =AVERAGE(B13:D13) -> 43666.667 | G13: =MAX(B13:D13) -> 50000 | H13: =MIN(B13:D13) -> 40000
A15: Total mois | B15: =SUM(B8:B14) -> 232000 | C15: =SUM(C8:C14) -> 235000 | D15: =SUM(D8:D14) -> 240000 | E15: =SUM(E8:E14) -> 707000
A16: TVA 20 % | B16: =B15*0.2 -> 46400 | C16: =C15*0.2 -> 47000 | D16: =D15*0.2 -> 48000 | E16: =E15*0.2 -> 141400
A17: TTC | B17: =SUM(B15:B16) -> 278400 | C17: =SUM(C15:C16) -> 282000 | D17: =SUM(D15:D16) -> 288000 | E17: =SUM(E15:E16) -> 848400

Sheet Printemps
A1: Synthèse ventes
A2: TOTAL | B2: =SUM(E8:E13) -> 700000
A3: MOYENNE | B3: =AVERAGE(E8:E13) -> 116666.67
A4: MAX | B4: =MAX(E8:E13) -> 187000
A5: MIN | B5: =MIN(E8:E13) -> 50000
B7: Janvier | C7: Février | D7: Mars | E7: Total | F7: Moyenne | G7: Maximum | H7: Minimun
A8: Cosmétique | B8: 15000 | C8: 17000 | D8: 18000 | E8: =SUM(B8:D8) -> 50000 | F8: =AVERAGE(B8:D8) -> 16666.667 | G8: =MAX(B8:D8) -> 18000 | H8: =MIN(B8:D8) -> 15000
A9: Librairie | B9: 25000 | C9: 33000 | D9: 18000 | E9: =SUM(B9:D9) -> 76000 | F9: =AVERAGE(B9:D9) -> 25333.333 | G9: =MAX(B9:D9) -> 33000 | H9: =MIN(B9:D9) -> 18000
A10: Maroquinerie | B10: 35000 | C10: 31000 | D10: 30000 | E10: =SUM(B10:D10) -> 96000 | F10: =AVERAGE(B10:D10) -> 32000 | G10: =MAX(B10:D10) -> 35000 | H10: =MIN(B10:D10) -> 30000
A11: Habillement | B11: 69000 | C11: 64000 | D11: 54000 | E11: =SUM(B11:D11) -> 187000 | F11: =AVERAGE(B11:D11) -> 62333.333 | G11: =MAX(B11:D11) -> 69000 | H11: =MIN(B11:D11) -> 54000
A12: Hi-fi | B12: 52000 | C12: 52000 | D12: 56000 | E12: =SUM(B12:D12) -> 160000 | F12: =AVERAGE(B12:D12) -> 53333.333 | G12: =MAX(B12:D12) -> 56000 | H12: =MIN(B12:D12) -> 52000
A13: CD | B13: 41000 | C13: 40000 | D13: 50000 | E13: =SUM(B13:D13) -> 131000 | F13: =AVERAGE(B13:D13) -> 43666.667 | G13: =MAX(B13:D13) -> 50000 | H13: =MIN(B13:D13) -> 40000
A15: Total mois | B15: =SUM(B8:B14) -> 237000 | C15: =SUM(C8:C14) -> 237000 | D15: =SUM(D8:D14) -> 226000 | E15: =SUM(E8:E14) -> 700000
A16: TVA 20 % | B16: =B15*0.2 -> 47400 | C16: =C15*0.2 -> 47400 | D16: =D15*0.2 -> 45200 | E16: =E15*0.2 -> 140000
A17: TTC | B17: =SUM(B15:B16) -> 284400 | C17: =SUM(C15:C16) -> 284400 | D17: =SUM(D15:D16) -> 271200 | E17: =SUM(E15:E16) -> 840000

Sheet Le bon marché
A1: Synthèse ventes
A2: TOTAL | B2: =SUM(E8:E13) -> 824000
A3: MOYENNE | B3: =AVERAGE(E8:E13) -> 137333.33
A4: MAX | B4: =MAX(E8:E13) -> 203000
A5: MIN | B5: =MIN(E8:E13) -> 50000
B7: Janvier | C7: Février | D7: Mars | E7: Total | F7: Moyenne | G7: Maximum | H7: Minimun
A8: Cosmétique | B8: 15000 | C8: 17000 | D8: 18000 | E8: =SUM(B8:D8) -> 50000 | F8: =AVERAGE(B8:D8) -> 16666.667 | G8: =MAX(B8:D8) -> 18000 | H8: =MIN(B8:D8) -> 15000
A9: Librairie | B9: 52000 | C9: 33000 | D9: 63000 | E9: =SUM(B9:D9) -> 148000 | F9: =AVERAGE(B9:D9) -> 49333.333 | G9: =MAX(B9:D9) -> 63000 | H9: =MIN(B9:D9) -> 33000
A10: Maroquinerie | B10: 35000 | C10: 32000 | D10: 65000 | E10: =SUM(B10:D10) -> 132000 | F10: =AVERAGE(B10:D10) -> 44000 | G10: =MAX(B10:D10) -> 65000 | H10: =MIN(B10:D10) -> 32000
A11: Habillement | B11: 85000 | C11: 64000 | D11: 54000 | E11: =SUM(B11:D11) -> 203000 | F11: =AVERAGE(B11:D11) -> 67666.667 | G11: =MAX(B11:D11) -> 85000 | H11: =MIN(B11:D11) -> 54000
A12: Hi-fi | B12: 52000 | C12: 56000 | D12: 52000 | E12: =SUM(B12:D12) -> 160000 | F12: =AVERAGE(B12:D12) -> 53333.333 | G12: =MAX(B12:D12) -> 56000 | H12: =MIN(B12:D12) -> 52000
A13: CD | B13: 41000 | C13: 40000 | D13: 50000 | E13: =SUM(B13:D13) -> 131000 | F13: =AVERAGE(B13:D13) -> 43666.667 | G13: =MAX(B13:D13) -> 50000 | H13: =MIN(B13:D13) -> 40000
A15: Total mois | B15: =SUM(B8:B14) -> 280000 | C15: =SUM(C8:C14) -> 242000 | D15: =SUM(D8:D14) -> 302000 | E15: =SUM(E8:E14) -> 824000
A16: TVA 20 % | B16: =B15*0.2 -> 56000 | C16: =C15*0.2 -> 48400 | D16: =D15*0.2 -> 60400 | E16: =E15*0.2 -> 164800
A17: TTC | B17: =SUM(B15:B16) -> 336000 | C17: =SUM(C15:C16) -> 290400 | D17: =SUM(D15:D16) -> 362400 | E17: =SUM(E15:E16) -> 988800

Sheet BHV
A1: Synthèse ventes
A2: TOTAL | B2: =SUM(E8:E13) -> 729000
A3: MOYENNE | B3: =AVERAGE(E8:E13) -> 121500
A4: MAX | B4: =MAX(E8:E13) -> 182000
A5: MIN | B5: =MIN(E8:E13) -> 50000
B7: Janvier | C7: Février | D7: Mars | E7: Total | F7: Moyenne | G7: Maximum | H7: Minimun
A8: Cosmétique | B8: 15000 | C8: 17000 | D8: 18000 | E8: =SUM(B8:D8) -> 50000 | F8: =AVERAGE(B8:D8) -> 16666.667 | G8: =MAX(B8:D8) -> 18000 | H8: =MIN(B8:D8) -> 15000
A9: Librairie | B9: 25000 | C9: 52000 | D9: 24000 | E9: =SUM(B9:D9) -> 101000 | F9: =AVERAGE(B9:D9) -> 33666.667 | G9: =MAX(B9:D9) -> 52000 | H9: =MIN(B9:D9) -> 24000
A10: Maroquinerie | B10: 35000 | C10: 31000 | D10: 30000 | E10: =SUM(B10:D10) -> 96000 | F10: =AVERAGE(B10:D10) -> 32000 | G10: =MAX(B10:D10) -> 35000 | H10: =MIN(B10:D10) -> 30000
A11: Habillement | B11: 64000 | C11: 64000 | D11: 54000 | E11: =SUM(B11:D11) -> 182000 | F11: =AVERAGE(B11:D11) -> 60666.667 | G11: =MAX(B11:D11) -> 64000 | H11: =MIN(B11:D11) -> 54000
A12: Hi-fi | B12: 63000 | C12: 50000 | D12: 56000 | E12: =SUM(B12:D12) -> 169000 | F12: =AVERAGE(B12:D12) -> 56333.333 | G12: =MAX(B12:D12) -> 63000 | H12: =MIN(B12:D12) -> 50000
A13: CD | B13: 41000 | C13: 40000 | D13: 50000 | E13: =SUM(B13:D13) -> 131000 | F13: =AVERAGE(B13:D13) -> 43666.667 | G13: =MAX(B13:D13) -> 50000 | H13: =MIN(B13:D13) -> 40000
A15: Total mois | B15: =SUM(B8:B14) -> 243000 | C15: =SUM(C8:C14) -> 254000 | D15: =SUM(D8:D14) -> 232000 | E15: =SUM(E8:E14) -> 729000
A16: TVA 20 % | B16: =B15*0.2 -> 48600 | C16: =C15*0.2 -> 50800 | D16: =D15*0.2 -> 46400 | E16: =E15*0.2 -> 145800
A17: TTC | B17: =SUM(B15:B16) -> 291600 | C17: =SUM(C15:C16) -> 304800 | D17: =SUM(D15:D16) -> 278400 | E17: =SUM(E15:E16) -> 874800

Sheet Recapitulatif
B2: Par Magasins | E2: Par Mois | H2: Par produis
J3: part en %
B4: Galerie | C4: ='Galeries Lafayette'!B2 -> 707000 | E4: Janvier | F4: ='Galeries Lafayette'!B15+Printemps!B15+'Le bon marché'!B15+BHV!B15 -> 992000 | H4: Cosmétique | I4: ='Galeries Lafayette'!E8+Printemps!E8+'Le bon marché'!E8+BHV!E8 -> 200000 | J4: =I4/$I$10 -> 0.067567568
B5: Printemps | C5: =Printemps!B2 -> 700000 | E5: Février | F5: ='Galeries Lafayette'!C15+Printemps!C15+'Le bon marché'!C15+BHV!C15 -> 968000 | H5: Librairie | I5: ='Galeries Lafayette'!E9+Printemps!E9+'Le bon marché'!E9+BHV!E9 -> 407000 | J5: =I5/$I$10 -> 0.1375
B6: Bon Marché | C6: ='Le bon marché'!B2 -> 824000 | E6: Mars | F6: ='Galeries Lafayette'!D15+Printemps!D15+'Le bon marché'!D15+BHV!D15 -> 1000000 | H6: Maroquinerie | I6: ='Galeries Lafayette'!E10+Printemps!E10+'Le bon marché'!E10+BHV!E10 -> 420000 | J6: =I6/$I$10 -> 0.14189189
B7: BHV | C7: =BHV!B2 -> 729000 | E7: Total | F7: =SUM(F4:F6) -> 2960000 | H7: Habillement | I7: ='Galeries Lafayette'!E11+Printemps!E11+'Le bon marché'!E11+BHV!E11 -> 754000 | J7: =I7/$I$10 -> 0.25472973
B8: Total | C8: =SUM(C4:C7) -> 2960000 | H8: Hi-fi | I8: ='Galeries Lafayette'!E12+Printemps!E12+'Le bon marché'!E12+BHV!E12 -> 655000 | J8: =I8/$I$10 -> 0.22128378
H9: CD | I9: ='Galeries Lafayette'!E13+Printemps!E13+'Le bon marché'!E13+BHV!E13 -> 524000 | J9: =I9/$I$10 -> 0.17702703
H10: Total | I10: =SUM(I4:I9) -> 2960000 | J10: =I10/$I$10 -> 1
