Workbook

Sheet Trimestre 1
B4: Janvier | C4: Février | D4: Mars | E4: Total | F4: Moyenne | G4: Maximum | H4: Minimum
A5: combinaisons | B5: 25321 | C5: 25589 | D5: 19874 | E5: =SUM(B5:D5) -> 70784 | F5: =AVERAGE(B5:D5) -> 23594.667 | G5: =MAX(B5:D5) -> 25589 | H5: =MIN(B5:D5) -> 19874
A6: gants | B6: 12000 | C6: 12129 | D6: 12569 | E6: =SUM(B6:D6) -> 36698 | F6: =AVERAGE(B6:D6) -> 12232.667 | G6: =MAX(B6:D6) -> 12569 | H6: =MIN(B6:D6) -> 12000
A7: chaussures | B7: 51000 | C7: 52369 | D7: 51459 | E7: =SUM(B7:D7) -> 154828 | F7: =AVERAGE(B7:D7) -> 51609.333 | G7: =MAX(B7:D7) -> 52369 | H7: =MIN(B7:D7) -> 51000
A8: skis | B8: 23000 | C8: 59745 | D8: 51236 | E8: =SUM(B8:D8) -> 133981 | F8: =AVERAGE(B8:D8) -> 44660.333 | G8: =MAX(B8:D8) -> 59745 | H8: =MIN(B8:D8) -> 23000
A9: bâtons | B9: 12301 | C9: 11458 | D9: 12654 | E9: =SUM(B9:D9) -> 36413 | F9: =AVERAGE(B9:D9) -> 12137.667 | G9: =MAX(B9:D9) -> 12654 | H9: =MIN(B9:D9) -> 11458
A10: total | B10: =SUM(B5:B9) -> 123622 | C10: =SUM(C5:C9) -> 161290 | D10: =SUM(D5:D9) -> 147792 | E10: =SUM(B10:D10) -> 432704
A11: tva 20% | B11: =B10*0.2 -> 24724.4 | C11: =C10*0.2 -> 32258 | D11: =D10*0.2 -> 29558.4
A12: TTC | B12: =SUM(B10:B11) -> 148346.4 | C12: =SUM(C10:C11) -> 193548 | D12: =SUM(D10:D11) -> 177350.4
A13: Moyenne | B13: =AVERAGE(B5:B9) -> 24724.4 | C13: =AVERAGE(C5:C9) -> 32258 | D13: =AVERAGE(D5:D9) -> 29558.4
A14: Maximum | B14: =MAX(B5:B9) -> 51000 | C14: =MAX(C5:C9) -> 59745 | D14: =MAX(D5:D9) -> 51459
A15: Minimum | B15: =MIN(B5:B9) -> 12000 | C15: =MIN(C5:C9) -> 11458 | D15: =MIN(D5:D9) -> 12569

Sheet Trimestre 2
B4: Avril | C4: Mai | D4: Juin | E4: Total | F4: Moyenne | G4: Maximum | H4: Minimum
A5: combinaisons | B5: 25000 | C5: 25589 | D5: 19874 | E5: =SUM(B5:D5) -> 70463 | F5: =AVERAGE(B5:D5) -> 23487.667 | G5: =MAX(B5:D5) -> 25589 | H5: =MIN(B5:D5) -> 19874
A6: gants | B6: 56000 | C6: 12129 | D6: 12569 | E6: =SUM(B6:D6) -> 80698 | F6: =AVERAGE(B6:D6) -> 26899.333 | G6: =MAX(B6:D6) -> 56000 | H6: =MIN(B6:D6) -> 12129
A7: chaussures | B7: 51000 | C7: 52000 | D7: 51459 | E7: =SUM(B7:D7) -> 154459 | F7: =AVERAGE(B7:D7) -> 51486.333 | G7: =MAX(B7:D7) -> 52000 | H7: =MIN(B7:D7) -> 51000
A8: skis | B8: 23000 | C8: 23000 | D8: 51236 | E8: =SUM(B8:D8) -> 97236 | F8: =AVERAGE(B8:D8) -> 32412 | G8: =MAX(B8:D8) -> 51236 | H8: =MIN(B8:D8) -> 23000
A9: bâtons | B9: 12301 | C9: 11458 | D9: 12654 | E9: =SUM(B9:D9) -> 36413 | F9: =AVERAGE(B9:D9) -> 12137.667 | G9: =MAX(B9:D9) -> 12654 | H9: =MIN(B9:D9) -> 11458
A10: total | B10: =SUM(B5:B9) -> 167301 | C10: =SUM(C5:C9) -> 124176 | D10: =SUM(D5:D9) -> 147792 | E10: =SUM(B10:D10) -> 439269
A11: tva 20% | B11: =B10*0.2 -> 33460.2 | C11: =C10*0.2 -> 24835.2 | D11: =D10*0.2 -> 29558.4
A12: TTC | B12: =SUM(B10:B11) -> 200761.2 | C12: =SUM(C10:C11) -> 149011.2 | D12: =SUM(D10:D11) -> 177350.4
A13: Moyenne | B13: =AVERAGE(B5:B9) -> 33460.2 | C13: =AVERAGE(C5:C9) -> 24835.2 | D13: =AVERAGE(D5:D9) -> 29558.4
A14: Maximum | B14: =MAX(B5:B9) -> 56000 | C14: =MAX(C5:C9) -> 52000 | D14: =MAX(D5:D9) -> 51459
A15: Minimum | B15: =MIN(B5:B9) -> 12301 | C15: =MIN(C5:C9) -> 11458 | D15: =MIN(D5:D9) -> 12569

Sheet Trimestre 3
B4: Juillet | C4: Août | D4: Septembre | E4: Total | F4: Moyenne | G4: Maximum | H4: Minimum
A5: combinaisons | B5: 25000 | C5: 25589 | D5: 19874 | E5: =SUM(B5:D5) -> 70463 | F5: =AVERAGE(B5:D5) -> 23487.667 | G5: =MAX(B5:D5) -> 25589 | H5: =MIN(B5:D5) -> 19874
A6: gants | B6: 56000 | C6: 12129 | D6: 12569 | E6: =SUM(B6:D6) -> 80698 | F6: =AVERAGE(B6:D6) -> 26899.333 | G6: =MAX(B6:D6) -> 56000 | H6: =MIN(B6:D6) -> 12129
A7: chaussures | B7: 51000 | C7: 52000 | D7: 51459 | E7: =SUM(B7:D7) -> 154459 | F7: =AVERAGE(B7:D7) -> 51486.333 | G7: =MAX(B7:D7) -> 52000 | H7: =MIN(B7:D7) -> 51000
A8: skis | B8: 23000 | C8: 23000 | D8: 51236 | E8: =SUM(B8:D8) -> 97236 | F8: =AVERAGE(B8:D8) -> 32412 | G8: =MAX(B8:D8) -> 51236 | H8: =MIN(B8:D8) -> 23000
A9: bâtons | B9: 12301 | C9: 11458 | D9: 12654 | E9: =SUM(B9:D9) -> 36413 | F9: =AVERAGE(B9:D9) -> 12137.667 | G9: =MAX(B9:D9) -> 12654 | H9: =MIN(B9:D9) -> 11458
A10: total | B10: =SUM(B5:B9) -> 167301 | C10: =SUM(C5:C9) -> 124176 | D10: =SUM(D5:D9) -> 147792 | E10: =SUM(B10:D10) -> 439269
A11: tva 20% | B11: =B10*0.2 -> 33460.2 | C11: =C10*0.2 -> 24835.2 | D11: =D10*0.2 -> 29558.4
A12: TTC | B12: =SUM(B10:B11) -> 200761.2 | C12: =SUM(C10:C11) -> 149011.2 | D12: =SUM(D10:D11) -> 177350.4
A13: Moyenne | B13: =AVERAGE(B5:B9) -> 33460.2 | C13: =AVERAGE(C5:C9) -> 24835.2 | D13: =AVERAGE(D5:D9) -> 29558.4
A14: Maximum | B14: =MAX(B5:B9) -> 56000 | C14: =MAX(C5:C9) -> 52000 | D14: =MAX(D5:D9) -> 51459
A15: Minimum | B15: =MIN(B5:B9) -> 12301 | C15: =MIN(C5:C9) -> 11458 | D15: =MIN(D5:D9) -> 12569

Sheet Trimestre 4
B4: Oct | C4: Nov | D4: Déc | E4: Total | F4: Moyenne | G4: Maximum | H4: Minimum
A5: combinaisons | B5: 25000 | C5: 25589 | D5: 19874 | E5: =SUM(B5:D5) -> 70463 | F5: =AVERAGE(B5:D5) -> 23487.667 | G5: =MAX(B5:D5) -> 25589 | H5: =MIN(B5:D5) -> 19874
A6: gants | B6: 56000 | C6: 15000 | D6: 12569 | E6: =SUM(B6:D6) -> 83569 | F6: =AVERAGE(B6:D6) -> 27856.333 | G6: =MAX(B6:D6) -> 56000 | H6: =MIN(B6:D6) -> 12569
A7: chaussures | B7: 51000 | C7: 52000 | D7: 51459 | E7: =SUM(B7:D7) -> 154459 | F7: =AVERAGE(B7:D7) -> 51486.333 | G7: =MAX(B7:D7) -> 52000 | H7: =MIN(B7:D7) -> 51000
A8: skis | B8: 12000 | C8: 23000 | D8: 56000 | E8: =SUM(B8:D8) -> 91000 | F8: =AVERAGE(B8:D8) -> 30333.333 | G8: =MAX(B8:D8) -> 56000 | H8: =MIN(B8:D8) -> 12000
A9: bâtons | B9: 12301 | C9: 11458 | D9: 12654 | E9: =SUM(B9:D9) -> 36413 | F9: =AVERAGE(B9:D9) -> 12137.667 | G9: =MAX(B9:D9) -> 12654 | H9: =MIN(B9:D9) -> 11458
A10: total | B10: =SUM(B5:B9) -> 156301 | C10: =SUM(C5:C9) -> 127047 | D10: =SUM(D5:D9) -> 152556 | E10: =SUM(B10:D10) -> 435904
A11: tva 20% | B11: =B10*0.2 -> 31260.2 | C11: =C10*0.2 -> 25409.4 | D11: =D10*0.2 -> 30511.2
A12: TTC | B12: =SUM(B10:B11) -> 187561.2 | C12: =SUM(C10:C11) -> 152456.4 | D12: =SUM(D10:D11) -> 183067.2
A13: Moyenne | B13: =AVERAGE(B5:B9) -> 31260.2 | C13: =AVERAGE(C5:C9) -> 25409.4 | D13: =AVERAGE(D5:D9) -> 30511.2
A14: Maximum | B14: =MAX(B5:B9) -> 56000 | C14: =MAX(C5:C9) -> 52000 | D14: =MAX(D5:D9) -> 56000
A15: Minimum | B15: =MIN(B5:B9) -> 12000 | C15: =MIN(C5:C9) -> 11458 | D15: =MIN(D5:D9) -> 12569

Sheet RECAP
C2: CA vente | F2: Ca vente | I2: Ca vente
B3: combinaisons | E3: Janvier | F3: ='Trimestre 1'!B10 -> 123622 | H3: Trim 1
B4: gants | E4: Février | F4: ='Trimestre 1'!C10 -> 161290 | H4: Trim 2
B5: chaussures | E5: Mars | F5: ='Trimestre 1'!D10 -> 147792 | H5: Trim 3
B6: skis | E6: Avril | F6: ='Trimestre 2'!B10 -> 167301 | H6: Trim 4
B7: bâtons | E7: Mai | F7: ='Trimestre 2'!C10 -> 124176 | H7: Total
B8: Total | E8: Juin | F8: ='Trimestre 2'!D10 -> 147792
E9: Juillet | F9: ='Trimestre 3'!B10 -> 167301
E10: Août | F10: ='Trimestre 3'!C10 -> 124176
E11: Septembre | F11: ='Trimestre 3'!D10 -> 147792
E12: Octobre | F12: ='Trimestre 4'!B10 -> 156301
E13: Novembre | F13: ='Trimestre 4'!C10 -> 127047
E14: Décembre | F14: ='Trimestre 4'!D10 -> 152556
E15: Total
