Workbook
Name CNE: '[1]ID ETUDIANT (2)'!$A$1:$E$5
Name DATA: [1]BDLIRE!$A$3:$C$8
Name NOTE: '[1]NOTES (2)'!$A$1:$H$5

Sheet 2005
A1: CLUB ANTIBE 2005 | B1: TRIM1 | C1: TRIM2 | D1: TRIM3 | E1: TRIM4 | F1: TOTAL
A2: Tennis | B2: 150000 | C2: 4000 | D2: 6000 | E2: 5000 | F2: =SUM(B2:E2) -> 165000
A3: Parachutisme | B3: 6000 | C3: 7000 | D3: 5000 | E3: 9000 | F3: =SUM(B3:E3) -> 27000
A4: Equitation | B4: 2000 | C4: 3000 | D4: 4000 | E4: 3000 | F4: =SUM(B4:E4) -> 12000
A5: Plongée sous marine | B5: 1500 | C5: 3000 | D5: 3500 | E5: 4000 | F5: =SUM(B5:E5) -> 12000
A6: Total des ventes | B6: =SUM(B2:B5) -> 159500 | C6: =SUM(C2:C5) -> 17000 | D6: =SUM(D2:D5) -> 18500 | E6: =SUM(E2:E5) -> 21000 | F6: =SUM(B6:E6) -> 216000

Sheet 2006
A1: CLUB ANTIBE 2006 | B1: TRIM1 | C1: TRIM2 | D1: TRIM3 | E1: TRIM4 | F1: TOTAL
A2: Tennis | B2: 3500 | C2: 4000 | D2: 6000 | E2: 5000 | F2: =SUM(B2:E2) -> 18500
A3: Parachutisme | B3: 5000 | C3: 7000 | D3: 4000 | E3: 9000 | F3: =SUM(B3:E3) -> 25000
A4: Equitation | B4: 4000 | C4: 3000 | D4: 4000 | E4: 2000 | F4: =SUM(B4:E4) -> 13000
A5: Plongée sous marine | B5: 2500 | C5: 3000 | D5: 3500 | E5: 4000 | F5: =SUM(B5:E5) -> 13000
A6: Total des ventes | B6: =SUM(B2:B5) -> 15000 | C6: =SUM(C2:C5) -> 17000 | D6: =SUM(D2:D5) -> 17500 | E6: =SUM(E2:E5) -> 20000 | F6: =SUM(B6:E6) -> 69500

Sheet 2007
A1: CLUB ANTIBE 2007 | B1: TRIM1 | C1: TRIM2 | D1: TRIM3 | E1: TRIM4 | F1: TOTAL
A2: Tennis | B2: 5600 | C2: 6000 | D2: 6500 | E2: 5000 | F2: =SUM(B2:E2) -> 23100
A3: Parachutisme | B3: 4200 | C3: 5100 | D3: 2100 | E3: 9000 | F3: =SUM(B3:E3) -> 20400
A4: Equitation | B4: 3000 | C4: 3200 | D4: 3200 | E4: 2000 | F4: =SUM(B4:E4) -> 11400
A5: Plongée sous marine | B5: 1400 | C5: 2000 | D5: 2500 | E5: 4000 | F5: =SUM(B5:E5) -> 9900
A6: Total des ventes | B6: =SUM(B2:B5) -> 14200 | C6: =SUM(C2:C5) -> 16300 | D6: =SUM(D2:D5) -> 14300 | E6: =SUM(E2:E5) -> 20000 | F6: =SUM(B6:E6) -> 64800

Sheet total 2005 2007
A1: VENTE TOTAL 2005 ET 2007
A3: Tennis
A4: Parachutisme
A5: Equitation
A6: Plongée sous marine

Sheet Consolidation
A1: CONSOLIDER | H1: RETOUR MENU
B3: TRIM1 | C3: TRIM2 | D3: TRIM3 | E3: TRIM4
A4: Tennis | B4: 12300 | C4: 14000 | D4: 18500 | E4: 15000
A5: Parachutisme | B5: 15200 | C5: 19100 | D5: 11100 | E5: 27000
A6: Equitation | B6: 9000 | C6: 9200 | D6: 11200 | E6: 7000
A7: Plongée sous marine | B7: 5400 | C7: 8000 | D7: 9500 | E7: 12000
B15: TRIM1 | C15: TRIM2 | D15: TRIM3 | E15: TRIM4
A16: Tennis | B16: 24100 | C16: 14000 | D16: 18500 | E16: 15000
A17: Parachutisme | B17: 15200 | C17: 19100 | D17: 11100 | E17: 27000
A18: Equitation | B18: 9000 | C18: 9200 | D18: 11200 | E18: 7000
A19: Plongée sous marine | B19: 5400 | C19: 8000 | D19: 9500 | E19: 12000

Sheet conso avec liaison
C2: TRIM1 | D2: TRIM2 | E2: TRIM3 | F2: TRIM4
B3: Liaison Et Consolidation | C3: ='2005'!$B$2 -> 150000 | D3: ='2005'!$C$2 -> 4000 | E3: ='2005'!$D$2 -> 6000 | F3: ='2005'!$E$2 -> 5000
B4: Liaison Et Consolidation | C4: ='2006'!$B$2 -> 3500 | D4: ='2006'!$C$2 -> 4000 | E4: ='2006'!$D$2 -> 6000 | F4: ='2006'!$E$2 -> 5000
B5: Liaison Et Consolidation | C5: ='2007'!$B$2 -> 5600 | D5: ='2007'!$C$2 -> 6000 | E5: ='2007'!$D$2 -> 6500 | F5: ='2007'!$E$2 -> 5000
A6: Tennis | C6: =SUM(C3:C5) -> 159100 | D6: =SUM(D3:D5) -> 14000 | E6: =SUM(E3:E5) -> 18500 | F6: =SUM(F3:F5) -> 15000
B7: Liaison Et Consolidation | C7: ='2005'!$B$3 -> 6000 | D7: ='2005'!$C$3 -> 7000 | E7: ='2005'!$D$3 -> 5000 | F7: ='2005'!$E$3 -> 9000
B8: Liaison Et Consolidation | C8: ='2006'!$B$3 -> 5000 | D8: ='2006'!$C$3 -> 7000 | E8: ='2006'!$D$3 -> 4000 | F8: ='2006'!$E$3 -> 9000
B9: Liaison Et Consolidation | C9: ='2007'!$B$3 -> 4200 | D9: ='2007'!$C$3 -> 5100 | E9: ='2007'!$D$3 -> 2100 | F9: ='2007'!$E$3 -> 9000
A10: Parachutisme | C10: =SUM(C7:C9) -> 15200 | D10: =SUM(D7:D9) -> 19100 | E10: =SUM(E7:E9) -> 11100 | F10: =SUM(F7:F9) -> 27000
B11: Liaison Et Consolidation | C11: ='2005'!$B$4 -> 2000 | D11: ='2005'!$C$4 -> 3000 | E11: ='2005'!$D$4 -> 4000 | F11: ='2005'!$E$4 -> 3000
B12: Liaison Et Consolidation | C12: ='2006'!$B$4 -> 4000 | D12: ='2006'!$C$4 -> 3000 | E12: ='2006'!$D$4 -> 4000 | F12: ='2006'!$E$4 -> 2000
B13: Liaison Et Consolidation | C13: ='2007'!$B$4 -> 3000 | D13: ='2007'!$C$4 -> 3200 | E13: ='2007'!$D$4 -> 3200 | F13: ='2007'!$E$4 -> 2000
A14: Equitation | C14: =SUM(C11:C13) -> 9000 | D14: =SUM(D11:D13) -> 9200 | E14: =SUM(E11:E13) -> 11200 | F14: =SUM(F11:F13) -> 7000
B15: Liaison Et Consolidation | C15: ='2005'!$B$5 -> 1500 | D15: ='2005'!$C$5 -> 3000 | E15: ='2005'!$D$5 -> 3500 | F15: ='2005'!$E$5 -> 4000
B16: Liaison Et Consolidation | C16: ='2006'!$B$5 -> 2500 | D16: ='2006'!$C$5 -> 3000 | E16: ='2006'!$D$5 -> 3500 | F16: ='2006'!$E$5 -> 4000
B17: Liaison Et Consolidation | C17: ='2007'!$B$5 -> 1400 | D17: ='2007'!$C$5 -> 2000 | E17: ='2007'!$D$5 -> 2500 | F17: ='2007'!$E$5 -> 4000
A18: Plongée sous marine | C18: =SUM(C15:C17) -> 5400 | D18: =SUM(D15:D17) -> 8000 | E18: =SUM(E15:E17) -> 9500 | F18: =SUM(F15:F17) -> 12000
