Workbook

Sheet janvier
A1: note de frais mois de janvier
B3: nbre de KM | C3: ForfaitKM | D3: Frais KM | E3: Hotel | F3: total
A4: semaine 1 | B4: 250 | C4: 0.38 | D4: =B4*C4 -> 95 | E4: 200 | F4: =D4+E4 -> 295
A5: semaine 2 | B5: 345 | C5: 0.38 | D5: =B5*C5 -> 131.1 | E5: 350 | F5: =D5+E5 -> 481.1
A6: semaine 3 | B6: 280 | C6: 0.38 | D6: =B6*C6 -> 106.4 | E6: 230 | F6: =D6+E6 -> 336.4
A7: semaine 4 | B7: 410 | C7: 0.38 | D7: =B7*C7 -> 155.8 | E7: 280 | F7: =D7+E7 -> 435.8
A8: semaine 5 | B8: 520 | C8: 0.38 | D8: =B8*C8 -> 197.6 | E8: 350 | F8: =D8+E8 -> 547.6
A9: total | B9: =SUM(B4:B8) -> 1805 | D9: =SUM(D4:D8) -> 685.9 | E9: =SUM(E4:E8) -> 1410 | F9: =SUM(F4:F8) -> 2095.9

Sheet fevrier
A1: note de frais mois de février
B3: nbre de KM | C3: ForfaitKM | D3: Frais KM | E3: Hotel | F3: total
A4: semaine 1 | B4: 125 | C4: 0.38 | D4: =B4*C4 -> 47.5 | E4: 200 | F4: =D4+E4 -> 247.5
A5: semaine 2 | B5: 360 | C5: 0.38 | D5: =B5*C5 -> 136.8 | E5: 200 | F5: =D5+E5 -> 336.8
A6: semaine 3 | B6: 280 | C6: 0.38 | D6: =B6*C6 -> 106.4 | E6: 200 | F6: =D6+E6 -> 306.4
A7: semaine 4 | B7: 400 | C7: 0.38 | D7: =B7*C7 -> 152 | E7: 200 | F7: =D7+E7 -> 352
A8: semaine 5 | C8: 0.38 | D8: =B8*C8 -> 0 | F8: =D8+E8 -> 0
A9: total | B9: =SUM(B4:B8) -> 1165 | D9: =SUM(D4:D8) -> 442.7 | E9: =SUM(E4:E8) -> 800 | F9: =SUM(F4:F8) -> 1242.7

Sheet mars
A1: note de frais mois de mars
B3: nbre de KM | C3: ForfaitKM | D3: Frais KM | E3: Hotel | F3: total
A4: semaine 1 | B4: 360 | C4: 0.38 | D4: =B4*C4 -> 136.8 | E4: 300 | F4: =D4+E4 -> 436.8
A5: semaine 2 | B5: 275 | C5: 0.38 | D5: =B5*C5 -> 104.5 | E5: 300 | F5: =D5+E5 -> 404.5
A6: semaine 3 | B6: 200 | C6: 0.38 | D6: =B6*C6 -> 76 | E6: 300 | F6: =D6+E6 -> 376
A7: semaine 4 | B7: 500 | C7: 0.38 | D7: =B7*C7 -> 190 | E7: 300 | F7: =D7+E7 -> 490
A8: semaine 5 | B8: 340 | C8: 0.38 | D8: =B8*C8 -> 129.2 | E8: 300 | F8: =D8+E8 -> 429.2
A9: total | B9: =SUM(B4:B8) -> 1675 | D9: =SUM(D4:D8) -> 636.5 | E9: =SUM(E4:E8) -> 1500 | F9: =SUM(F4:F8) -> 2136.5

Sheet avril
A1: note de frais mois de avril
B3: nbre de KM | C3: ForfaitKM | D3: Frais KM | E3: Hotel | F3: total
A4: semaine 1 | B4: 380 | C4: 0.45 | D4: =B4*C4 -> 171 | E4: 230 | F4: =D4+E4 -> 401
A5: semaine 2 | B5: 200 | C5: 0.45 | D5: =B5*C5 -> 90 | E5: 230 | F5: =D5+E5 -> 320
A6: semaine 3 | B6: 400 | C6: 0.45 | D6: =B6*C6 -> 180 | E6: 230 | F6: =D6+E6 -> 410
A7: semaine 4 | B7: 150 | C7: 0.45 | D7: =B7*C7 -> 67.5 | E7: 230 | F7: =D7+E7 -> 297.5
A8: semaine 5 | B8: 410 | C8: 0.45 | D8: =B8*C8 -> 184.5 | E8: 230 | F8: =D8+E8 -> 414.5
A9: total | B9: =SUM(B4:B8) -> 1540 | D9: =SUM(D4:D8) -> 693 | E9: =SUM(E4:E8) -> 1150 | F9: =SUM(F4:F8) -> 1843

Sheet mai
A1: note de frais mois de mai
B3: nbre de KM | C3: ForfaitKM | D3: Frais KM | E3: Hotel | F3: total
A4: semaine 1 | B4: 270 | C4: 0.45 | D4: =B4*C4 -> 121.5 | E4: 250 | F4: =D4+E4 -> 371.5
A5: semaine 2 | B5: 330 | C5: 0.45 | D5: =B5*C5 -> 148.5 | E5: 250 | F5: =D5+E5 -> 398.5
A6: semaine 3 | B6: 200 | C6: 0.45 | D6: =B6*C6 -> 90 | E6: 250 | F6: =D6+E6 -> 340
A7: semaine 4 | B7: 400 | C7: 0.45 | D7: =B7*C7 -> 180 | E7: 250 | F7: =D7+E7 -> 430
A8: semaine 5 | C8: 0.45 | D8: =B8*C8 -> 0 | F8: =D8+E8 -> 0
A9: total | B9: =SUM(B4:B8) -> 1200 | D9: =SUM(D4:D8) -> 540 | E9: =SUM(E4:E8) -> 1000 | F9: =SUM(F4:F8) -> 1540

Sheet juin
A1: note de frais mois de juin
B3: nbre de KM | C3: ForfaitKM | D3: Frais KM | E3: Hotel | F3: total
A4: semaine 1 | C4: 0.45 | D4: =B4*C4 -> 0 | F4: =D4+E4 -> 0
A5: semaine 2 | C5: 0.45 | D5: =B5*C5 -> 0 | F5: =D5+E5 -> 0
A6: semaine 3 | C6: 0.45 | D6: =B6*C6 -> 0 | F6: =D6+E6 -> 0
A7: semaine 4 | C7: 0.45 | D7: =B7*C7 -> 0 | F7: =D7+E7 -> 0
A8: semaine 5 | C8: 0.45 | D8: =B8*C8 -> 0 | F8: =D8+E8 -> 0
A9: total | B9: =SUM(B4:B8) -> 0 | D9: =SUM(D4:D8) -> 0 | E9: =SUM(E4:E8) -> 0 | F9: =SUM(F4:F8) -> 0

Sheet juillet
A1: note de frais mois de juillet
B3: nbre de KM | C3: ForfaitKM | D3: Frais KM | E3: Hotel | F3: total
A4: semaine 1 | C4: 0.45 | D4: =B4*C4 -> 0 | F4: =D4+E4 -> 0
A5: semaine 2 | C5: 0.45 | D5: =B5*C5 -> 0 | F5: =D5+E5 -> 0
A6: semaine 3 | C6: 0.45 | D6: =B6*C6 -> 0 | F6: =D6+E6 -> 0
A7: semaine 4 | C7: 0.45 | D7: =B7*C7 -> 0 | F7: =D7+E7 -> 0
A8: semaine 5 | C8: 0.45 | D8: =B8*C8 -> 0 | F8: =D8+E8 -> 0
A9: total | B9: =SUM(B4:B8) -> 0 | D9: =SUM(D4:D8) -> 0 | E9: =SUM(E4:E8) -> 0 | F9: =SUM(F4:F8) -> 0

Sheet aout
A1: note de frais mois de aout
B3: nbre de KM | C3: ForfaitKM | D3: Frais KM | E3: Hotel | F3: total
A4: semaine 1 | C4: 0.45 | D4: =B4*C4 -> 0 | F4: =D4+E4 -> 0
A5: semaine 2 | C5: 0.45 | D5: =B5*C5 -> 0 | F5: =D5+E5 -> 0
A6: semaine 3 | C6: 0.45 | D6: =B6*C6 -> 0 | F6: =D6+E6 -> 0
A7: semaine 4 | C7: 0.45 | D7: =B7*C7 -> 0 | F7: =D7+E7 -> 0
A8: semaine 5 | C8: 0.45 | D8: =B8*C8 -> 0 | F8: =D8+E8 -> 0
A9: total | B9: =SUM(B4:B8) -> 0 | D9: =SUM(D4:D8) -> 0 | E9: =SUM(E4:E8) -> 0 | F9: =SUM(F4:F8) -> 0

Sheet septembre
A1: note de frais mois de septembre
B3: nbre de KM | C3: ForfaitKM | D3: Frais KM | E3: Hotel | F3: total
A4: semaine 1 | C4: 0.45 | D4: =B4*C4 -> 0 | F4: =D4+E4 -> 0
A5: semaine 2 | C5: 0.45 | D5: =B5*C5 -> 0 | F5: =D5+E5 -> 0
A6: semaine 3 | C6: 0.45 | D6: =B6*C6 -> 0 | F6: =D6+E6 -> 0
A7: semaine 4 | C7: 0.45 | D7: =B7*C7 -> 0 | F7: =D7+E7 -> 0
A8: semaine 5 | C8: 0.45 | D8: =B8*C8 -> 0 | F8: =D8+E8 -> 0
A9: total | B9: =SUM(B4:B8) -> 0 | D9: =SUM(D4:D8) -> 0 | E9: =SUM(E4:E8) -> 0 | F9: =SUM(F4:F8) -> 0

Sheet octobre
A1: note de frais mois de octobre
B3: nbre de KM | C3: ForfaitKM | D3: Frais KM | E3: Hotel | F3: total
A4: semaine 1 | C4: 0.45 | D4: =B4*C4 -> 0 | F4: =D4+E4 -> 0
A5: semaine 2 | C5: 0.45 | D5: =B5*C5 -> 0 | F5: =D5+E5 -> 0
A6: semaine 3 | C6: 0.45 | D6: =B6*C6 -> 0 | F6: =D6+E6 -> 0
A7: semaine 4 | C7: 0.45 | D7: =B7*C7 -> 0 | F7: =D7+E7 -> 0
A8: semaine 5 | C8: 0.45 | D8: =B8*C8 -> 0 | F8: =D8+E8 -> 0
A9: total | B9: =SUM(B4:B8) -> 0 | D9: =SUM(D4:D8) -> 0 | E9: =SUM(E4:E8) -> 0 | F9: =SUM(F4:F8) -> 0

Sheet novembre
A1: note de frais mois de novembre
B3: nbre de KM | C3: ForfaitKM | D3: Frais KM | E3: Hotel | F3: total
A4: semaine 1 | C4: 0.45 | D4: =B4*C4 -> 0 | F4: =D4+E4 -> 0
A5: semaine 2 | C5: 0.45 | D5: =B5*C5 -> 0 | F5: =D5+E5 -> 0
A6: semaine 3 | C6: 0.45 | D6: =B6*C6 -> 0 | F6: =D6+E6 -> 0
A7: semaine 4 | C7: 0.45 | D7: =B7*C7 -> 0 | F7: =D7+E7 -> 0
A8: semaine 5 | C8: 0.45 | D8: =B8*C8 -> 0 | F8: =D8+E8 -> 0
A9: total | B9: =SUM(B4:B8) -> 0 | D9: =SUM(D4:D8) -> 0 | E9: =SUM(E4:E8) -> 0 | F9: =SUM(F4:F8) -> 0

Sheet decembre
A1: note de frais mois de décembre
B3: nbre de KM | C3: ForfaitKM | D3: Frais KM | E3: Hotel | F3: total
A4: semaine 1 | C4: 0.45 | D4: =B4*C4 -> 0 | F4: =D4+E4 -> 0
A5: semaine 2 | C5: 0.45 | D5: =B5*C5 -> 0 | F5: =D5+E5 -> 0
A6: semaine 3 | C6: 0.45 | D6: =B6*C6 -> 0 | F6: =D6+E6 -> 0
A7: semaine 4 | C7: 0.45 | D7: =B7*C7 -> 0 | F7: =D7+E7 -> 0
A8: semaine 5 | C8: 0.45 | D8: =B8*C8 -> 0 | F8: =D8+E8 -> 0
A9: total | B9: =SUM(B4:B8) -> 0 | D9: =SUM(D4:D8) -> 0 | E9: =SUM(E4:E8) -> 0 | F9: =SUM(F4:F8) -> 0

Sheet RECAP
A1: Récapitulatif des frais 2014
A3: MOIS | B3: TOTAL FRAIS
A4: JANVIER | B4: =janvier!F9 -> 2095.9
A5: FÉVRIER | B5: =fevrier!F9 -> 1242.7
A6: MARS | B6: =mars!F9 -> 2136.5
A7: AVRIL | B7: =avril!F9 -> 1843
A8: MAI | B8: =mai!F9 -> 1540
A9: JUIN | B9: =juin!F9 -> 0
A10: JUILLET | B10: =juillet!F9 -> 0
A11: AOÛT | B11: =aout!F9 -> 0
A12: SEPTEMBRE | B12: =septembre!F9 -> 0
A13: OCTOBRE | B13: =octobre!F9 -> 0
A14: NOVEMBRE | B14: =novembre!F9 -> 0
A15: DÉCEMBRE | B15: =decembre!F9 -> 0
A16: TOTAL 2014 | B16: =SUM(B4:B15) -> 8858.1
A20: Recap 2014
A21: Total Frais | B21: =SUM(janvier:decembre!F9) -> 8858.1
A22: Total Km | B22: =SUM(janvier:decembre!D9) -> 2998.1
A23: Total Hotel | B23: =SUM(janvier:decembre!E9) -> 5860
A24: nb de Kilo | B24: =SUM(janvier:decembre!B9) -> 7385
