Workbook

Sheet Janvier
A2: Noms | B2: SEXE | C2: Date de naissance | D2: age | E2: ventes | F2: Prime 2% | G2: Visite médicale | H2: Objectif | I2: Smileys | J2: Part en % | L2: Afficher prime pour les femmes de + de 50 ans | M2: Afficher prime pour les personnes dont l'age est compris entre 40 et 60 ans | N2: Afficher prime pour les hommes ou si la vente est sup ou égal 300000 | O2: Afficher prime pour les hommes ou si la vente est comprise entre 30000 et 500000
A3: Vendeur 1 | B3: H | C3: 32916 | D3: =DATEDIF(C3,TODAY(),"Y") -> 30 | E3: 125000 | F3: =IF(E3>=200000,E3*2%,0) -> 0 | G3: =IF(D3>=50,"visite","pause café") -> pause café | H3: =IF(E3>=300000,"ok",E3-300000) -> -175000 | I3: =IF(H3="ok","J","L") -> L | J3: =E3/$E$12 -> 0.067897882 | L3: =IF(AND(B3="F",D3>=50),"prime","-") -> - | M3: =IF(AND(D3>=40,D3<=60),"prime","-") -> - | N3: =IF(OR(B3="H",E3>=300000),"prime","-") -> prime | O3: =IF(OR(B3="H",AND(E3>=300000,E3<=500000)),"prime","-") -> prime
A4: Vendeur 2 | B4: F | C4: 26526 | D4: =DATEDIF(C4,TODAY(),"Y") -> 48 | E4: 365000 | F4: =IF(E4>=200000,E4*2%,0) -> 7300 | G4: =IF(D4>=50,"visite","pause café") -> pause café | H4: =IF(E4>=300000,"ok",E4-300000) -> ok | I4: =IF(H4="ok","J","L") -> J | J4: =E4/$E$12 -> 0.19826181 | L4: =IF(AND(B4="F",D4>=50),"prime","-") -> - | M4: =IF(AND(D4>=40,D4<=60),"prime","-") -> prime | N4: =IF(OR(B4="H",E4>=300000),"prime","-") -> prime | O4: =IF(OR(B4="H",AND(E4>=300000,E4<=500000)),"prime","-") -> prime
A5: Vendeur 3 | B5: F | C5: 20576 | D5: =DATEDIF(C5,TODAY(),"Y") -> 64 | E5: 120000 | F5: =IF(E5>=200000,E5*2%,0) -> 0 | G5: =IF(D5>=50,"visite","pause café") -> visite | H5: =IF(E5>=300000,"ok",E5-300000) -> -180000 | I5: =IF(H5="ok","J","L") -> L | J5: =E5/$E$12 -> 0.065181966 | L5: =IF(AND(B5="F",D5>=50),"prime","-") -> prime | M5: =IF(AND(D5>=40,D5<=60),"prime","-") -> - | N5: =IF(OR(B5="H",E5>=300000),"prime","-") -> - | O5: =IF(OR(B5="H",AND(E5>=300000,E5<=500000)),"prime","-") -> -
A6: Vendeur 4 | B6: H | C6: 32721 | D6: =DATEDIF(C6,TODAY(),"Y") -> 31 | E6: 658000 | F6: =IF(E6>=200000,E6*2%,0) -> 13160 | G6: =IF(D6>=50,"visite","pause café") -> pause café | H6: =IF(E6>=300000,"ok",E6-300000) -> ok | I6: =IF(H6="ok","J","L") -> J | J6: =E6/$E$12 -> 0.35741445 | L6: =IF(AND(B6="F",D6>=50),"prime","-") -> - | M6: =IF(AND(D6>=40,D6<=60),"prime","-") -> - | N6: =IF(OR(B6="H",E6>=300000),"prime","-") -> prime | O6: =IF(OR(B6="H",AND(E6>=300000,E6<=500000)),"prime","-") -> prime
A7: Vendeur 5 | B7: F | C7: 29983 | D7: =DATEDIF(C7,TODAY(),"Y") -> 38 | E7: 350000 | F7: =IF(E7>=200000,E7*2%,0) -> 7000 | G7: =IF(D7>=50,"visite","pause café") -> pause café | H7: =IF(E7>=300000,"ok",E7-300000) -> ok | I7: =IF(H7="ok","J","L") -> J | J7: =E7/$E$12 -> 0.19011407 | L7: =IF(AND(B7="F",D7>=50),"prime","-") -> - | M7: =IF(AND(D7>=40,D7<=60),"prime","-") -> - | N7: =IF(OR(B7="H",E7>=300000),"prime","-") -> prime | O7: =IF(OR(B7="H",AND(E7>=300000,E7<=500000)),"prime","-") -> prime
A8: Vendeur 6 | B8: H | C8: 29921 | D8: =DATEDIF(C8,TODAY(),"Y") -> 39 | E8: 63000 | F8: =IF(E8>=200000,E8*2%,0) -> 0 | G8: =IF(D8>=50,"visite","pause café") -> pause café | H8: =IF(E8>=300000,"ok",E8-300000) -> -237000 | I8: =IF(H8="ok","J","L") -> L | J8: =E8/$E$12 -> 0.034220532 | L8: =IF(AND(B8="F",D8>=50),"prime","-") -> - | M8: =IF(AND(D8>=40,D8<=60),"prime","-") -> - | N8: =IF(OR(B8="H",E8>=300000),"prime","-") -> prime | O8: =IF(OR(B8="H",AND(E8>=300000,E8<=500000)),"prime","-") -> prime
A9: Vendeur 7 | B9: F | C9: 23164 | D9: =DATEDIF(C9,TODAY(),"Y") -> 57 | E9: 160000 | F9: =IF(E9>=200000,E9*2%,0) -> 0 | G9: =IF(D9>=50,"visite","pause café") -> visite | H9: =IF(E9>=300000,"ok",E9-300000) -> -140000 | I9: =IF(H9="ok","J","L") -> L | J9: =E9/$E$12 -> 0.086909288 | L9: =IF(AND(B9="F",D9>=50),"prime","-") -> prime | M9: =IF(AND(D9>=40,D9<=60),"prime","-") -> prime | N9: =IF(OR(B9="H",E9>=300000),"prime","-") -> - | O9: =IF(OR(B9="H",AND(E9>=300000,E9<=500000)),"prime","-") -> -
A12: Somme | E12: =SUM(E3:E9) -> 1841000
A13: Moyenne | E13: =AVERAGE(E3:E9) -> 263000
A14: Maxi | E14: =MAX(E3:E9) -> 658000
A15: Mini | E15: =MIN(E3:E9) -> 63000
A17: Nb de vendeurs | B17: =COUNTA(B3:B9) -> 7
A18: Nb de femmes | B18: =COUNTIF(B3:B9,"F") -> 4
A19: Nb hommes | B19: =COUNTIF(B3:B9,"H") -> 3
A20: Nb de pers de plus de 50 ans | B20: =COUNTIF(D3:D9,">=50") -> 2
A22: Nb vide | B22: =COUNTBLANK(B3:B9) -> 0
A23: Resultat femmes | B23: =SUMIF(B3:B9,"F",E3:E9) -> 995000
A24: Resultat hommes | B24: =SUMIF(B3:B9,"H",E3:E9) -> 846000
A26: Resultat femmes +de 50 ans | B26: =SUMIFS(E3:E9,D3:D9,">=50",B3:B9,"F") -> 280000

Sheet Février
A2: Noms | B2: SEXE | C2: Date de naissance | D2: age | E2: ventes | F2: Prime 2% | G2: Visite médicale | H2: Objectif | I2: Smileys | J2: Part en %
A3: Vendeur 1 | B3: H | C3: 32916 | D3: =DATEDIF(C3,TODAY(),"Y") -> 30 | E3: 125000 | F3: =IF(E3>=200000,E3*2%,0) -> 0 | G3: =IF(D3>=50,"visite","pause café") -> pause café | H3: =IF(E3>=300000,"ok",E3-300000) -> -175000 | I3: =IF(H3="ok","J","L") -> L | J3: =E3/$E$12 -> 0.076644421
A4: Vendeur 2 | B4: F | C4: 26526 | D4: =DATEDIF(C4,TODAY(),"Y") -> 48 | E4: 23461 | F4: =IF(E4>=200000,E4*2%,0) -> 0 | G4: =IF(D4>=50,"visite","pause café") -> pause café | H4: =IF(E4>=300000,"ok",E4-300000) -> -276539 | I4: =IF(H4="ok","J","L") -> L | J4: =E4/$E$12 -> 0.014385238
A5: Vendeur 3 | B5: F | C5: 20576 | D5: =DATEDIF(C5,TODAY(),"Y") -> 64 | E5: 400000 | F5: =IF(E5>=200000,E5*2%,0) -> 8000 | G5: =IF(D5>=50,"visite","pause café") -> visite | H5: =IF(E5>=300000,"ok",E5-300000) -> ok | I5: =IF(H5="ok","J","L") -> J | J5: =E5/$E$12 -> 0.24526215
A6: Vendeur 4 | B6: H | C6: 32721 | D6: =DATEDIF(C6,TODAY(),"Y") -> 31 | E6: 658000 | F6: =IF(E6>=200000,E6*2%,0) -> 13160 | G6: =IF(D6>=50,"visite","pause café") -> pause café | H6: =IF(E6>=300000,"ok",E6-300000) -> ok | I6: =IF(H6="ok","J","L") -> J | J6: =E6/$E$12 -> 0.40345623
A7: Vendeur 5 | B7: F | C7: 29983 | D7: =DATEDIF(C7,TODAY(),"Y") -> 38 | E7: 45000 | F7: =IF(E7>=200000,E7*2%,0) -> 0 | G7: =IF(D7>=50,"visite","pause café") -> pause café | H7: =IF(E7>=300000,"ok",E7-300000) -> -255000 | I7: =IF(H7="ok","J","L") -> L | J7: =E7/$E$12 -> 0.027591992
A8: Vendeur 6 | B8: H | C8: 29921 | D8: =DATEDIF(C8,TODAY(),"Y") -> 39 | E8: 219447 | F8: =IF(E8>=200000,E8*2%,0) -> 4388.94 | G8: =IF(D8>=50,"visite","pause café") -> pause café | H8: =IF(E8>=300000,"ok",E8-300000) -> -80553 | I8: =IF(H8="ok","J","L") -> L | J8: =E8/$E$12 -> 0.13455511
A9: Vendeur 7 | B9: F | C9: 23164 | D9: =DATEDIF(C9,TODAY(),"Y") -> 57 | E9: 160000 | F9: =IF(E9>=200000,E9*2%,0) -> 0 | G9: =IF(D9>=50,"visite","pause café") -> visite | H9: =IF(E9>=300000,"ok",E9-300000) -> -140000 | I9: =IF(H9="ok","J","L") -> L | J9: =E9/$E$12 -> 0.098104859
A12: Somme | E12: =SUM(E3:E9) -> 1630908
A13: Moyenne | E13: =AVERAGE(E3:E9) -> 232986.86
A14: Maxi | E14: =MAX(E3:E9) -> 658000
A15: Mini | E15: =MIN(E3:E9) -> 23461
A17: Nb de vendeurs | B17: =COUNTA(B3:B9) -> 7
A18: Nb de femmes | B18: =COUNTIF(B3:B9,"F") -> 4
A19: Nb hommes | B19: =COUNTIF(B3:B9,"H") -> 3
A20: Nb de pers de plus de 50 ans | B20: =COUNTIF(D3:D9,">=50") -> 2
A22: Nb vide | B22: =COUNTBLANK(B3:B9) -> 0
A23: Resultat femmes | B23: =SUMIF(B3:B9,"F",E3:E9) -> 628461
A24: Resultat hommes | B24: =SUMIF(B3:B9,"H",E3:E9) -> 1002447
A26: Resultat femmes +de 50 ans | B26: =SUMIFS(E3:E9,D3:D9,">=50",B3:B9,"F") -> 560000

Sheet Mars
A2: Noms | B2: SEXE | C2: Date de naissance | D2: age | E2: ventes | F2: Prime 2% | G2: Visite médicale | H2: Objectif | I2: Smileys | J2: Part en %
A3: Vendeur 1 | B3: H | C3: 32916 | D3: =DATEDIF(C3,TODAY(),"Y") -> 30 | E3: 125000 | F3: =IF(E3>=200000,E3*2%,0) -> 0 | G3: =IF(D3>=50,"visite","pause café") -> pause café | H3: =IF(E3>=300000,"ok",E3-300000) -> -175000 | I3: =IF(H3="ok","J","L") -> L | J3: =E3/$E$12 -> 0.052300949
A4: Vendeur 2 | B4: F | C4: 26526 | D4: =DATEDIF(C4,TODAY(),"Y") -> 48 | E4: 560000 | F4: =IF(E4>=200000,E4*2%,0) -> 11200 | G4: =IF(D4>=50,"visite","pause café") -> pause café | H4: =IF(E4>=300000,"ok",E4-300000) -> ok | I4: =IF(H4="ok","J","L") -> J | J4: =E4/$E$12 -> 0.23430825
A5: Vendeur 3 | B5: F | C5: 20576 | D5: =DATEDIF(C5,TODAY(),"Y") -> 64 | E5: 120000 | F5: =IF(E5>=200000,E5*2%,0) -> 0 | G5: =IF(D5>=50,"visite","pause café") -> visite | H5: =IF(E5>=300000,"ok",E5-300000) -> -180000 | I5: =IF(H5="ok","J","L") -> L | J5: =E5/$E$12 -> 0.050208911
A6: Vendeur 4 | B6: H | C6: 32721 | D6: =DATEDIF(C6,TODAY(),"Y") -> 31 | E6: 420000 | F6: =IF(E6>=200000,E6*2%,0) -> 8400 | G6: =IF(D6>=50,"visite","pause café") -> pause café | H6: =IF(E6>=300000,"ok",E6-300000) -> ok | I6: =IF(H6="ok","J","L") -> J | J6: =E6/$E$12 -> 0.17573119
A7: Vendeur 5 | B7: F | C7: 29983 | D7: =DATEDIF(C7,TODAY(),"Y") -> 38 | E7: 350000 | F7: =IF(E7>=200000,E7*2%,0) -> 7000 | G7: =IF(D7>=50,"visite","pause café") -> pause café | H7: =IF(E7>=300000,"ok",E7-300000) -> ok | I7: =IF(H7="ok","J","L") -> J | J7: =E7/$E$12 -> 0.14644266
A8: Vendeur 6 | B8: H | C8: 29921 | D8: =DATEDIF(C8,TODAY(),"Y") -> 39 | E8: 63000 | F8: =IF(E8>=200000,E8*2%,0) -> 0 | G8: =IF(D8>=50,"visite","pause café") -> pause café | H8: =IF(E8>=300000,"ok",E8-300000) -> -237000 | I8: =IF(H8="ok","J","L") -> L | J8: =E8/$E$12 -> 0.026359678
A9: Vendeur 7 | B9: F | C9: 23164 | D9: =DATEDIF(C9,TODAY(),"Y") -> 57 | E9: 752014 | F9: =IF(E9>=200000,E9*2%,0) -> 15040.28 | G9: =IF(D9>=50,"visite","pause café") -> visite | H9: =IF(E9>=300000,"ok",E9-300000) -> ok | I9: =IF(H9="ok","J","L") -> J | J9: =E9/$E$12 -> 0.31464837
A12: Somme | E12: =SUM(E3:E9) -> 2390014
A13: Moyenne | E13: =AVERAGE(E3:E9) -> 341430.57
A14: Maxi | E14: =MAX(E3:E9) -> 752014
A15: Mini | E15: =MIN(E3:E9) -> 63000
A17: Nb de vendeurs | B17: =COUNTA(B3:B9) -> 7
A18: Nb de femmes | B18: =COUNTIF(B3:B9,"F") -> 4
A19: Nb hommes | B19: =COUNTIF(B3:B9,"H") -> 3
A20: Nb de pers de plus de 50 ans | B20: =COUNTIF(D3:D9,">=50") -> 2
A22: Nb vide | B22: =COUNTBLANK(B3:B9) -> 0
A23: Resultat femmes | B23: =SUMIF(B3:B9,"F",E3:E9) -> 1782014
A24: Resultat hommes | B24: =SUMIF(B3:B9,"H",E3:E9) -> 608000
A26: Resultat femmes +de 50 ans | B26: =SUMIFS(E3:E9,D3:D9,">=50",B3:B9,"F") -> 872014

Sheet Avril
A2: Noms | B2: SEXE | C2: Date de naissance | D2: age | E2: ventes | F2: Prime 2% | G2: Visite médicale | H2: Objectif | I2: Smileys | J2: Part en %
A3: Vendeur 1 | B3: H | C3: 32916 | D3: =DATEDIF(C3,TODAY(),"Y") -> 30 | E3: 125000 | F3: =IF(E3>=200000,E3*2%,0) -> 0 | G3: =IF(D3>=50,"visite","pause café") -> pause café | H3: =IF(E3>=300000,"ok",E3-300000) -> -175000 | I3: =IF(H3="ok","J","L") -> L | J3: =E3/$E$12 -> 0.067897882
A4: Vendeur 2 | B4: F | C4: 26526 | D4: =DATEDIF(C4,TODAY(),"Y") -> 48 | E4: 365000 | F4: =IF(E4>=200000,E4*2%,0) -> 7300 | G4: =IF(D4>=50,"visite","pause café") -> pause café | H4: =IF(E4>=300000,"ok",E4-300000) -> ok | I4: =IF(H4="ok","J","L") -> J | J4: =E4/$E$12 -> 0.19826181
A5: Vendeur 3 | B5: F | C5: 20576 | D5: =DATEDIF(C5,TODAY(),"Y") -> 64 | E5: 120000 | F5: =IF(E5>=200000,E5*2%,0) -> 0 | G5: =IF(D5>=50,"visite","pause café") -> visite | H5: =IF(E5>=300000,"ok",E5-300000) -> -180000 | I5: =IF(H5="ok","J","L") -> L | J5: =E5/$E$12 -> 0.065181966
A6: Vendeur 4 | B6: H | C6: 32721 | D6: =DATEDIF(C6,TODAY(),"Y") -> 31 | E6: 658000 | F6: =IF(E6>=200000,E6*2%,0) -> 13160 | G6: =IF(D6>=50,"visite","pause café") -> pause café | H6: =IF(E6>=300000,"ok",E6-300000) -> ok | I6: =IF(H6="ok","J","L") -> J | J6: =E6/$E$12 -> 0.35741445
A7: Vendeur 5 | B7: F | C7: 29983 | D7: =DATEDIF(C7,TODAY(),"Y") -> 38 | E7: 350000 | F7: =IF(E7>=200000,E7*2%,0) -> 7000 | G7: =IF(D7>=50,"visite","pause café") -> pause café | H7: =IF(E7>=300000,"ok",E7-300000) -> ok | I7: =IF(H7="ok","J","L") -> J | J7: =E7/$E$12 -> 0.19011407
A8: Vendeur 6 | B8: H | C8: 29921 | D8: =DATEDIF(C8,TODAY(),"Y") -> 39 | E8: 63000 | F8: =IF(E8>=200000,E8*2%,0) -> 0 | G8: =IF(D8>=50,"visite","pause café") -> pause café | H8: =IF(E8>=300000,"ok",E8-300000) -> -237000 | I8: =IF(H8="ok","J","L") -> L | J8: =E8/$E$12 -> 0.034220532
A9: Vendeur 7 | B9: F | C9: 23164 | D9: =DATEDIF(C9,TODAY(),"Y") -> 57 | E9: 160000 | F9: =IF(E9>=200000,E9*2%,0) -> 0 | G9: =IF(D9>=50,"visite","pause café") -> visite | H9: =IF(E9>=300000,"ok",E9-300000) -> -140000 | I9: =IF(H9="ok","J","L") -> L | J9: =E9/$E$12 -> 0.086909288
A12: Somme | E12: =SUM(E3:E9) -> 1841000
A13: Moyenne | E13: =AVERAGE(E3:E9) -> 263000
A14: Maxi | E14: =MAX(E3:E9) -> 658000
A15: Mini | E15: =MIN(E3:E9) -> 63000
A17: Nb de vendeurs | B17: =COUNTA(B3:B9) -> 7
A18: Nb de femmes | B18: =COUNTIF(B3:B9,"F") -> 4
A19: Nb hommes | B19: =COUNTIF(B3:B9,"H") -> 3
A20: Nb de pers de plus de 50 ans | B20: =COUNTIF(D3:D9,">=50") -> 2
A22: Nb vide | B22: =COUNTBLANK(B3:B9) -> 0
A23: Resultat femmes | B23: =SUMIF(B3:B9,"F",E3:E9) -> 995000
A24: Resultat hommes | B24: =SUMIF(B3:B9,"H",E3:E9) -> 846000
A26: Resultat femmes +de 50 ans | B26: =SUMIFS(E3:E9,D3:D9,">=50",B3:B9,"F") -> 280000

Sheet Mai
A2: Noms | B2: SEXE | C2: Date de naissance | D2: age | E2: ventes | F2: Prime 2% | G2: Visite médicale | H2: Objectif | I2: Smileys | J2: Part en %
A3: Vendeur 1 | B3: H | C3: 32916 | D3: =DATEDIF(C3,TODAY(),"Y") -> 30 | E3: 201425 | F3: =IF(E3>=200000,E3*2%,0) -> 4028.5 | G3: =IF(D3>=50,"visite","pause café") -> pause café | H3: =IF(E3>=300000,"ok",E3-300000) -> -98575 | I3: =IF(H3="ok","J","L") -> L | J3: =E3/$E$12 -> 0.12463662
A4: Vendeur 2 | B4: F | C4: 26526 | D4: =DATEDIF(C4,TODAY(),"Y") -> 48 | E4: 365000 | F4: =IF(E4>=200000,E4*2%,0) -> 7300 | G4: =IF(D4>=50,"visite","pause café") -> pause café | H4: =IF(E4>=300000,"ok",E4-300000) -> ok | I4: =IF(H4="ok","J","L") -> J | J4: =E4/$E$12 -> 0.22585264
A5: Vendeur 3 | B5: F | C5: 20576 | D5: =DATEDIF(C5,TODAY(),"Y") -> 64 | E5: 123457 | F5: =IF(E5>=200000,E5*2%,0) -> 0 | G5: =IF(D5>=50,"visite","pause café") -> visite | H5: =IF(E5>=300000,"ok",E5-300000) -> -176543 | I5: =IF(H5="ok","J","L") -> L | J5: =E5/$E$12 -> 0.076392026
A6: Vendeur 4 | B6: H | C6: 32721 | D6: =DATEDIF(C6,TODAY(),"Y") -> 31 | E6: 658000 | F6: =IF(E6>=200000,E6*2%,0) -> 13160 | G6: =IF(D6>=50,"visite","pause café") -> pause café | H6: =IF(E6>=300000,"ok",E6-300000) -> ok | I6: =IF(H6="ok","J","L") -> J | J6: =E6/$E$12 -> 0.40715353
A7: Vendeur 5 | B7: F | C7: 29983 | D7: =DATEDIF(C7,TODAY(),"Y") -> 38 | E7: 45216 | F7: =IF(E7>=200000,E7*2%,0) -> 0 | G7: =IF(D7>=50,"visite","pause café") -> pause café | H7: =IF(E7>=300000,"ok",E7-300000) -> -254784 | I7: =IF(H7="ok","J","L") -> L | J7: =E7/$E$12 -> 0.027978501
A8: Vendeur 6 | B8: H | C8: 29921 | D8: =DATEDIF(C8,TODAY(),"Y") -> 39 | E8: 63000 | F8: =IF(E8>=200000,E8*2%,0) -> 0 | G8: =IF(D8>=50,"visite","pause café") -> pause café | H8: =IF(E8>=300000,"ok",E8-300000) -> -237000 | I8: =IF(H8="ok","J","L") -> L | J8: =E8/$E$12 -> 0.038982784
A9: Vendeur 7 | B9: F | C9: 23164 | D9: =DATEDIF(C9,TODAY(),"Y") -> 57 | E9: 160000 | F9: =IF(E9>=200000,E9*2%,0) -> 0 | G9: =IF(D9>=50,"visite","pause café") -> visite | H9: =IF(E9>=300000,"ok",E9-300000) -> -140000 | I9: =IF(H9="ok","J","L") -> L | J9: =E9/$E$12 -> 0.099003897
A12: Somme | E12: =SUM(E3:E9) -> 1616098
A13: Moyenne | E13: =AVERAGE(E3:E9) -> 230871.14
A14: Maxi | E14: =MAX(E3:E9) -> 658000
A15: Mini | E15: =MIN(E3:E9) -> 45216
A17: Nb de vendeurs | B17: =COUNTA(B3:B9) -> 7
A18: Nb de femmes | B18: =COUNTIF(B3:B9,"F") -> 4
A19: Nb hommes | B19: =COUNTIF(B3:B9,"H") -> 3
A20: Nb de pers de plus de 50 ans | B20: =COUNTIF(D3:D9,">=50") -> 2
A22: Nb vide | B22: =COUNTBLANK(B3:B9) -> 0
A23: Resultat femmes | B23: =SUMIF(B3:B9,"F",E3:E9) -> 693673
A24: Resultat hommes | B24: =SUMIF(B3:B9,"H",E3:E9) -> 922425
A26: Resultat femmes +de 50 ans | B26: =SUMIFS(E3:E9,D3:D9,">=50",B3:B9,"F") -> 283457

Sheet Juin
A2: Noms | B2: SEXE | C2: Date de naissance | D2: age | E2: ventes | F2: Prime 2% | G2: Visite médicale | H2: Objectif | I2: Smileys | J2: Part en %
A3: Vendeur 1 | B3: H | C3: 32916 | D3: =DATEDIF(C3,TODAY(),"Y") -> 30 | E3: 125000 | F3: =IF(E3>=200000,E3*2%,0) -> 0 | G3: =IF(D3>=50,"visite","pause café") -> pause café | H3: =IF(E3>=300000,"ok",E3-300000) -> -175000 | I3: =IF(H3="ok","J","L") -> L | J3: =E3/$E$12 -> 0.058755318
A4: Vendeur 2 | B4: F | C4: 26526 | D4: =DATEDIF(C4,TODAY(),"Y") -> 48 | E4: 365000 | F4: =IF(E4>=200000,E4*2%,0) -> 7300 | G4: =IF(D4>=50,"visite","pause café") -> pause café | H4: =IF(E4>=300000,"ok",E4-300000) -> ok | I4: =IF(H4="ok","J","L") -> J | J4: =E4/$E$12 -> 0.17156553
A5: Vendeur 3 | B5: F | C5: 20576 | D5: =DATEDIF(C5,TODAY(),"Y") -> 64 | E5: 529634 | F5: =IF(E5>=200000,E5*2%,0) -> 10592.68 | G5: =IF(D5>=50,"visite","pause café") -> visite | H5: =IF(E5>=300000,"ok",E5-300000) -> ok | I5: =IF(H5="ok","J","L") -> J | J5: =E5/$E$12 -> 0.24895051
A6: Vendeur 4 | B6: H | C6: 32721 | D6: =DATEDIF(C6,TODAY(),"Y") -> 31 | E6: 658000 | F6: =IF(E6>=200000,E6*2%,0) -> 13160 | G6: =IF(D6>=50,"visite","pause café") -> pause café | H6: =IF(E6>=300000,"ok",E6-300000) -> ok | I6: =IF(H6="ok","J","L") -> J | J6: =E6/$E$12 -> 0.30928799
A7: Vendeur 5 | B7: F | C7: 29983 | D7: =DATEDIF(C7,TODAY(),"Y") -> 38 | E7: 236587 | F7: =IF(E7>=200000,E7*2%,0) -> 4731.74 | G7: =IF(D7>=50,"visite","pause café") -> pause café | H7: =IF(E7>=300000,"ok",E7-300000) -> -63413 | I7: =IF(H7="ok","J","L") -> L | J7: =E7/$E$12 -> 0.11120596
A8: Vendeur 6 | B8: H | C8: 29921 | D8: =DATEDIF(C8,TODAY(),"Y") -> 39 | E8: 63000 | F8: =IF(E8>=200000,E8*2%,0) -> 0 | G8: =IF(D8>=50,"visite","pause café") -> pause café | H8: =IF(E8>=300000,"ok",E8-300000) -> -237000 | I8: =IF(H8="ok","J","L") -> L | J8: =E8/$E$12 -> 0.02961268
A9: Vendeur 7 | B9: F | C9: 23164 | D9: =DATEDIF(C9,TODAY(),"Y") -> 57 | E9: 150246 | F9: =IF(E9>=200000,E9*2%,0) -> 0 | G9: =IF(D9>=50,"visite","pause café") -> visite | H9: =IF(E9>=300000,"ok",E9-300000) -> -149754 | I9: =IF(H9="ok","J","L") -> L | J9: =E9/$E$12 -> 0.070622012
A12: Somme | E12: =SUM(E3:E9) -> 2127467
A13: Moyenne | E13: =AVERAGE(E3:E9) -> 303923.86
A14: Maxi | E14: =MAX(E3:E9) -> 658000
A15: Mini | E15: =MIN(E3:E9) -> 63000
A17: Nb de vendeurs | B17: =COUNTA(B3:B9) -> 7
A18: Nb de femmes | B18: =COUNTIF(B3:B9,"F") -> 4
A19: Nb hommes | B19: =COUNTIF(B3:B9,"H") -> 3
A20: Nb de pers de plus de 50 ans | B20: =COUNTIF(D3:D9,">=50") -> 2
A22: Nb vide | B22: =COUNTBLANK(B3:B9) -> 0
A23: Resultat femmes | B23: =SUMIF(B3:B9,"F",E3:E9) -> 1281467
A24: Resultat hommes | B24: =SUMIF(B3:B9,"H",E3:E9) -> 846000
A26: Resultat femmes +de 50 ans | B26: =SUMIFS(E3:E9,D3:D9,">=50",B3:B9,"F") -> 679880

Sheet Juillet
A2: Noms | B2: SEXE | C2: Date de naissance | D2: age | E2: ventes | F2: Prime 2% | G2: Visite médicale | H2: Objectif | I2: Smileys | J2: Part en %
A3: Vendeur 1 | B3: H | C3: 32916 | D3: =DATEDIF(C3,TODAY(),"Y") -> 30 | E3: 125896 | F3: =IF(E3>=200000,E3*2%,0) -> 0 | G3: =IF(D3>=50,"visite","pause café") -> pause café | H3: =IF(E3>=300000,"ok",E3-300000) -> -174104 | I3: =IF(H3="ok","J","L") -> L | J3: =E3/$E$12 -> 0.062141129
A4: Vendeur 2 | B4: F | C4: 26526 | D4: =DATEDIF(C4,TODAY(),"Y") -> 48 | E4: 365000 | F4: =IF(E4>=200000,E4*2%,0) -> 7300 | G4: =IF(D4>=50,"visite","pause café") -> pause café | H4: =IF(E4>=300000,"ok",E4-300000) -> ok | I4: =IF(H4="ok","J","L") -> J | J4: =E4/$E$12 -> 0.1801607
A5: Vendeur 3 | B5: F | C5: 20576 | D5: =DATEDIF(C5,TODAY(),"Y") -> 64 | E5: 120000 | F5: =IF(E5>=200000,E5*2%,0) -> 0 | G5: =IF(D5>=50,"visite","pause café") -> visite | H5: =IF(E5>=300000,"ok",E5-300000) -> -180000 | I5: =IF(H5="ok","J","L") -> L | J5: =E5/$E$12 -> 0.059230916
A6: Vendeur 4 | B6: H | C6: 32721 | D6: =DATEDIF(C6,TODAY(),"Y") -> 31 | E6: 452698 | F6: =IF(E6>=200000,E6*2%,0) -> 9053.96 | G6: =IF(D6>=50,"visite","pause café") -> pause café | H6: =IF(E6>=300000,"ok",E6-300000) -> ok | I6: =IF(H6="ok","J","L") -> J | J6: =E6/$E$12 -> 0.22344764
A7: Vendeur 5 | B7: F | C7: 29983 | D7: =DATEDIF(C7,TODAY(),"Y") -> 38 | E7: 350000 | F7: =IF(E7>=200000,E7*2%,0) -> 7000 | G7: =IF(D7>=50,"visite","pause café") -> pause café | H7: =IF(E7>=300000,"ok",E7-300000) -> ok | I7: =IF(H7="ok","J","L") -> J | J7: =E7/$E$12 -> 0.17275684
A8: Vendeur 6 | B8: H | C8: 29921 | D8: =DATEDIF(C8,TODAY(),"Y") -> 39 | E8: 452375 | F8: =IF(E8>=200000,E8*2%,0) -> 9047.5 | G8: =IF(D8>=50,"visite","pause café") -> pause café | H8: =IF(E8>=300000,"ok",E8-300000) -> ok | I8: =IF(H8="ok","J","L") -> J | J8: =E8/$E$12 -> 0.22328821
A9: Vendeur 7 | B9: F | C9: 23164 | D9: =DATEDIF(C9,TODAY(),"Y") -> 57 | E9: 160000 | F9: =IF(E9>=200000,E9*2%,0) -> 0 | G9: =IF(D9>=50,"visite","pause café") -> visite | H9: =IF(E9>=300000,"ok",E9-300000) -> -140000 | I9: =IF(H9="ok","J","L") -> L | J9: =E9/$E$12 -> 0.078974555
A12: Somme | E12: =SUM(E3:E9) -> 2025969
A13: Moyenne | E13: =AVERAGE(E3:E9) -> 289424.14
A14: Maxi | E14: =MAX(E3:E9) -> 452698
A15: Mini | E15: =MIN(E3:E9) -> 120000
A17: Nb de vendeurs | B17: =COUNTA(B3:B9) -> 7 | O17: Juillet
A18: Nb de femmes | B18: =COUNTIF(B3:B9,"F") -> 4
A19: Nb hommes | B19: =COUNTIF(B3:B9,"H") -> 3
A20: Nb de pers de plus de 50 ans | B20: =COUNTIF(D3:D9,">=50") -> 2
A22: Nb vide | B22: =COUNTBLANK(B3:B9) -> 0
A23: Resultat femmes | B23: =SUMIF(B3:B9,"F",E3:E9) -> 995000
A24: Resultat hommes | B24: =SUMIF(B3:B9,"H",E3:E9) -> 1030969
A26: Resultat femmes +de 50 ans | B26: =SUMIFS(E3:E9,D3:D9,">=50",B3:B9,"F") -> 280000

Sheet Aout
A2: Noms | B2: SEXE | C2: Date de naissance | D2: age | E2: ventes | F2: Prime 2% | G2: Visite médicale | H2: Objectif | I2: Smileys | J2: Part en %
A3: Vendeur 1 | B3: H | C3: 32916 | D3: =DATEDIF(C3,TODAY(),"Y") -> 30 | E3: 125000 | F3: =IF(E3>=200000,E3*2%,0) -> 0 | G3: =IF(D3>=50,"visite","pause café") -> pause café | H3: =IF(E3>=300000,"ok",E3-300000) -> -175000 | I3: =IF(H3="ok","J","L") -> L | J3: =E3/$E$12 -> 0.047977867
A4: Vendeur 2 | B4: F | C4: 26526 | D4: =DATEDIF(C4,TODAY(),"Y") -> 48 | E4: 365000 | F4: =IF(E4>=200000,E4*2%,0) -> 7300 | G4: =IF(D4>=50,"visite","pause café") -> pause café | H4: =IF(E4>=300000,"ok",E4-300000) -> ok | I4: =IF(H4="ok","J","L") -> J | J4: =E4/$E$12 -> 0.14009537
A5: Vendeur 3 | B5: F | C5: 20576 | D5: =DATEDIF(C5,TODAY(),"Y") -> 64 | E5: 456123 | F5: =IF(E5>=200000,E5*2%,0) -> 9122.46 | G5: =IF(D5>=50,"visite","pause café") -> visite | H5: =IF(E5>=300000,"ok",E5-300000) -> ok | I5: =IF(H5="ok","J","L") -> J | J5: =E5/$E$12 -> 0.17507047
A6: Vendeur 4 | B6: H | C6: 32721 | D6: =DATEDIF(C6,TODAY(),"Y") -> 31 | E6: 456456 | F6: =IF(E6>=200000,E6*2%,0) -> 9129.12 | G6: =IF(D6>=50,"visite","pause café") -> pause café | H6: =IF(E6>=300000,"ok",E6-300000) -> ok | I6: =IF(H6="ok","J","L") -> J | J6: =E6/$E$12 -> 0.17519828
A7: Vendeur 5 | B7: F | C7: 29983 | D7: =DATEDIF(C7,TODAY(),"Y") -> 38 | E7: 350000 | F7: =IF(E7>=200000,E7*2%,0) -> 7000 | G7: =IF(D7>=50,"visite","pause café") -> pause café | H7: =IF(E7>=300000,"ok",E7-300000) -> ok | I7: =IF(H7="ok","J","L") -> J | J7: =E7/$E$12 -> 0.13433803
A8: Vendeur 6 | B8: H | C8: 29921 | D8: =DATEDIF(C8,TODAY(),"Y") -> 39 | E8: 63000 | F8: =IF(E8>=200000,E8*2%,0) -> 0 | G8: =IF(D8>=50,"visite","pause café") -> pause café | H8: =IF(E8>=300000,"ok",E8-300000) -> -237000 | I8: =IF(H8="ok","J","L") -> L | J8: =E8/$E$12 -> 0.024180845
A9: Vendeur 7 | B9: F | C9: 23164 | D9: =DATEDIF(C9,TODAY(),"Y") -> 57 | E9: 789789 | F9: =IF(E9>=200000,E9*2%,0) -> 15795.78 | G9: =IF(D9>=50,"visite","pause café") -> visite | H9: =IF(E9>=300000,"ok",E9-300000) -> ok | I9: =IF(H9="ok","J","L") -> J | J9: =E9/$E$12 -> 0.30313913
A12: Somme | E12: =SUM(E3:E9) -> 2605368
A13: Moyenne | E13: =AVERAGE(E3:E9) -> 372195.43
A14: Maxi | E14: =MAX(E3:E9) -> 789789
A15: Mini | E15: =MIN(E3:E9) -> 63000
A17: Nb de vendeurs | B17: =COUNTA(B3:B9) -> 7
A18: Nb de femmes | B18: =COUNTIF(B3:B9,"F") -> 4
A19: Nb hommes | B19: =COUNTIF(B3:B9,"H") -> 3
A20: Nb de pers de plus de 50 ans | B20: =COUNTIF(D3:D9,">=50") -> 2
A22: Nb vide | B22: =COUNTBLANK(B3:B9) -> 0
A23: Resultat femmes | B23: =SUMIF(B3:B9,"F",E3:E9) -> 1960912
A24: Resultat hommes | B24: =SUMIF(B3:B9,"H",E3:E9) -> 644456
A26: Resultat femmes +de 50 ans | B26: =SUMIFS(E3:E9,D3:D9,">=50",B3:B9,"F") -> 1245912

Sheet Septembre
A2: Noms | B2: SEXE | C2: Date de naissance | D2: age | E2: ventes | F2: Prime 2% | G2: Visite médicale | H2: Objectif | I2: Smileys | J2: Part en %
A3: Vendeur 1 | B3: H | C3: 32916 | D3: =DATEDIF(C3,TODAY(),"Y") -> 30 | E3: 125000 | F3: =IF(E3>=200000,E3*2%,0) -> 0 | G3: =IF(D3>=50,"visite","pause café") -> pause café | H3: =IF(E3>=300000,"ok",E3-300000) -> -175000 | I3: =IF(H3="ok","J","L") -> L | J3: =E3/$E$12 -> 0.067897882
A4: Vendeur 2 | B4: F | C4: 26526 | D4: =DATEDIF(C4,TODAY(),"Y") -> 48 | E4: 365000 | F4: =IF(E4>=200000,E4*2%,0) -> 7300 | G4: =IF(D4>=50,"visite","pause café") -> pause café | H4: =IF(E4>=300000,"ok",E4-300000) -> ok | I4: =IF(H4="ok","J","L") -> J | J4: =E4/$E$12 -> 0.19826181
A5: Vendeur 3 | B5: F | C5: 20576 | D5: =DATEDIF(C5,TODAY(),"Y") -> 64 | E5: 120000 | F5: =IF(E5>=200000,E5*2%,0) -> 0 | G5: =IF(D5>=50,"visite","pause café") -> visite | H5: =IF(E5>=300000,"ok",E5-300000) -> -180000 | I5: =IF(H5="ok","J","L") -> L | J5: =E5/$E$12 -> 0.065181966
A6: Vendeur 4 | B6: H | C6: 32721 | D6: =DATEDIF(C6,TODAY(),"Y") -> 31 | E6: 658000 | F6: =IF(E6>=200000,E6*2%,0) -> 13160 | G6: =IF(D6>=50,"visite","pause café") -> pause café | H6: =IF(E6>=300000,"ok",E6-300000) -> ok | I6: =IF(H6="ok","J","L") -> J | J6: =E6/$E$12 -> 0.35741445
A7: Vendeur 5 | B7: F | C7: 29983 | D7: =DATEDIF(C7,TODAY(),"Y") -> 38 | E7: 350000 | F7: =IF(E7>=200000,E7*2%,0) -> 7000 | G7: =IF(D7>=50,"visite","pause café") -> pause café | H7: =IF(E7>=300000,"ok",E7-300000) -> ok | I7: =IF(H7="ok","J","L") -> J | J7: =E7/$E$12 -> 0.19011407
A8: Vendeur 6 | B8: H | C8: 29921 | D8: =DATEDIF(C8,TODAY(),"Y") -> 39 | E8: 63000 | F8: =IF(E8>=200000,E8*2%,0) -> 0 | G8: =IF(D8>=50,"visite","pause café") -> pause café | H8: =IF(E8>=300000,"ok",E8-300000) -> -237000 | I8: =IF(H8="ok","J","L") -> L | J8: =E8/$E$12 -> 0.034220532
A9: Vendeur 7 | B9: F | C9: 23164 | D9: =DATEDIF(C9,TODAY(),"Y") -> 57 | E9: 160000 | F9: =IF(E9>=200000,E9*2%,0) -> 0 | G9: =IF(D9>=50,"visite","pause café") -> visite | H9: =IF(E9>=300000,"ok",E9-300000) -> -140000 | I9: =IF(H9="ok","J","L") -> L | J9: =E9/$E$12 -> 0.086909288
A12: Somme | E12: =SUM(E3:E9) -> 1841000
A13: Moyenne | E13: =AVERAGE(E3:E9) -> 263000
A14: Maxi | E14: =MAX(E3:E9) -> 658000
A15: Mini | E15: =MIN(E3:E9) -> 63000
A17: Nb de vendeurs | B17: =COUNTA(B3:B9) -> 7
A18: Nb de femmes | B18: =COUNTIF(B3:B9,"F") -> 4
A19: Nb hommes | B19: =COUNTIF(B3:B9,"H") -> 3
A20: Nb de pers de plus de 50 ans | B20: =COUNTIF(D3:D9,">=50") -> 2
A22: Nb vide | B22: =COUNTBLANK(B3:B9) -> 0
A23: Resultat femmes | B23: =SUMIF(B3:B9,"F",E3:E9) -> 995000
A24: Resultat hommes | B24: =SUMIF(B3:B9,"H",E3:E9) -> 846000
A26: Resultat femmes +de 50 ans | B26: =SUMIFS(E3:E9,D3:D9,">=50",B3:B9,"F") -> 280000

Sheet Octobre
A2: Noms | B2: SEXE | C2: Date de naissance | D2: age | E2: ventes | F2: Prime 2% | G2: Visite médicale | H2: Objectif | I2: Smileys | J2: Part en %
A3: Vendeur 1 | B3: H | C3: 32916 | D3: =DATEDIF(C3,TODAY(),"Y") -> 30 | E3: 125000 | F3: =IF(E3>=200000,E3*2%,0) -> 0 | G3: =IF(D3>=50,"visite","pause café") -> pause café | H3: =IF(E3>=300000,"ok",E3-300000) -> -175000 | I3: =IF(H3="ok","J","L") -> L | J3: =E3/$E$12 -> 0.067897882
A4: Vendeur 2 | B4: F | C4: 26526 | D4: =DATEDIF(C4,TODAY(),"Y") -> 48 | E4: 365000 | F4: =IF(E4>=200000,E4*2%,0) -> 7300 | G4: =IF(D4>=50,"visite","pause café") -> pause café | H4: =IF(E4>=300000,"ok",E4-300000) -> ok | I4: =IF(H4="ok","J","L") -> J | J4: =E4/$E$12 -> 0.19826181
A5: Vendeur 3 | B5: F | C5: 20576 | D5: =DATEDIF(C5,TODAY(),"Y") -> 64 | E5: 120000 | F5: =IF(E5>=200000,E5*2%,0) -> 0 | G5: =IF(D5>=50,"visite","pause café") -> visite | H5: =IF(E5>=300000,"ok",E5-300000) -> -180000 | I5: =IF(H5="ok","J","L") -> L | J5: =E5/$E$12 -> 0.065181966
A6: Vendeur 4 | B6: H | C6: 32721 | D6: =DATEDIF(C6,TODAY(),"Y") -> 31 | E6: 658000 | F6: =IF(E6>=200000,E6*2%,0) -> 13160 | G6: =IF(D6>=50,"visite","pause café") -> pause café | H6: =IF(E6>=300000,"ok",E6-300000) -> ok | I6: =IF(H6="ok","J","L") -> J | J6: =E6/$E$12 -> 0.35741445
A7: Vendeur 5 | B7: F | C7: 29983 | D7: =DATEDIF(C7,TODAY(),"Y") -> 38 | E7: 350000 | F7: =IF(E7>=200000,E7*2%,0) -> 7000 | G7: =IF(D7>=50,"visite","pause café") -> pause café | H7: =IF(E7>=300000,"ok",E7-300000) -> ok | I7: =IF(H7="ok","J","L") -> J | J7: =E7/$E$12 -> 0.19011407
A8: Vendeur 6 | B8: H | C8: 29921 | D8: =DATEDIF(C8,TODAY(),"Y") -> 39 | E8: 63000 | F8: =IF(E8>=200000,E8*2%,0) -> 0 | G8: =IF(D8>=50,"visite","pause café") -> pause café | H8: =IF(E8>=300000,"ok",E8-300000) -> -237000 | I8: =IF(H8="ok","J","L") -> L | J8: =E8/$E$12 -> 0.034220532
A9: Vendeur 7 | B9: F | C9: 23164 | D9: =DATEDIF(C9,TODAY(),"Y") -> 57 | E9: 160000 | F9: =IF(E9>=200000,E9*2%,0) -> 0 | G9: =IF(D9>=50,"visite","pause café") -> visite | H9: =IF(E9>=300000,"ok",E9-300000) -> -140000 | I9: =IF(H9="ok","J","L") -> L | J9: =E9/$E$12 -> 0.086909288
A12: Somme | E12: =SUM(E3:E9) -> 1841000
A13: Moyenne | E13: =AVERAGE(E3:E9) -> 263000
A14: Maxi | E14: =MAX(E3:E9) -> 658000
A15: Mini | E15: =MIN(E3:E9) -> 63000
A17: Nb de vendeurs | B17: =COUNTA(B3:B9) -> 7
A18: Nb de femmes | B18: =COUNTIF(B3:B9,"F") -> 4
A19: Nb hommes | B19: =COUNTIF(B3:B9,"H") -> 3
A20: Nb de pers de plus de 50 ans | B20: =COUNTIF(D3:D9,">=50") -> 2
A22: Nb vide | B22: =COUNTBLANK(B3:B9) -> 0
A23: Resultat femmes | B23: =SUMIF(B3:B9,"F",E3:E9) -> 995000
A24: Resultat hommes | B24: =SUMIF(B3:B9,"H",E3:E9) -> 846000
A26: Resultat femmes +de 50 ans | B26: =SUMIFS(E3:E9,D3:D9,">=50",B3:B9,"F") -> 280000

Sheet Novembre
A2: Noms | B2: SEXE | C2: Date de naissance | D2: age | E2: ventes | F2: Prime 2% | G2: Visite médicale | H2: Objectif | I2: Smileys | J2: Part en %
A3: Vendeur 1 | B3: H | C3: 32916 | D3: =DATEDIF(C3,TODAY(),"Y") -> 30 | E3: 125000 | F3: =IF(E3>=200000,E3*2%,0) -> 0 | G3: =IF(D3>=50,"visite","pause café") -> pause café | H3: =IF(E3>=300000,"ok",E3-300000) -> -175000 | I3: =IF(H3="ok","J","L") -> L | J3: =E3/$E$12 -> 0.067897882
A4: Vendeur 2 | B4: F | C4: 26526 | D4: =DATEDIF(C4,TODAY(),"Y") -> 48 | E4: 365000 | F4: =IF(E4>=200000,E4*2%,0) -> 7300 | G4: =IF(D4>=50,"visite","pause café") -> pause café | H4: =IF(E4>=300000,"ok",E4-300000) -> ok | I4: =IF(H4="ok","J","L") -> J | J4: =E4/$E$12 -> 0.19826181
A5: Vendeur 3 | B5: F | C5: 20576 | D5: =DATEDIF(C5,TODAY(),"Y") -> 64 | E5: 120000 | F5: =IF(E5>=200000,E5*2%,0) -> 0 | G5: =IF(D5>=50,"visite","pause café") -> visite | H5: =IF(E5>=300000,"ok",E5-300000) -> -180000 | I5: =IF(H5="ok","J","L") -> L | J5: =E5/$E$12 -> 0.065181966
A6: Vendeur 4 | B6: H | C6: 32721 | D6: =DATEDIF(C6,TODAY(),"Y") -> 31 | E6: 658000 | F6: =IF(E6>=200000,E6*2%,0) -> 13160 | G6: =IF(D6>=50,"visite","pause café") -> pause café | H6: =IF(E6>=300000,"ok",E6-300000) -> ok | I6: =IF(H6="ok","J","L") -> J | J6: =E6/$E$12 -> 0.35741445
A7: Vendeur 5 | B7: F | C7: 29983 | D7: =DATEDIF(C7,TODAY(),"Y") -> 38 | E7: 350000 | F7: =IF(E7>=200000,E7*2%,0) -> 7000 | G7: =IF(D7>=50,"visite","pause café") -> pause café | H7: =IF(E7>=300000,"ok",E7-300000) -> ok | I7: =IF(H7="ok","J","L") -> J | J7: =E7/$E$12 -> 0.19011407
A8: Vendeur 6 | B8: H | C8: 29921 | D8: =DATEDIF(C8,TODAY(),"Y") -> 39 | E8: 63000 | F8: =IF(E8>=200000,E8*2%,0) -> 0 | G8: =IF(D8>=50,"visite","pause café") -> pause café | H8: =IF(E8>=300000,"ok",E8-300000) -> -237000 | I8: =IF(H8="ok","J","L") -> L | J8: =E8/$E$12 -> 0.034220532
A9: Vendeur 7 | B9: F | C9: 23164 | D9: =DATEDIF(C9,TODAY(),"Y") -> 57 | E9: 160000 | F9: =IF(E9>=200000,E9*2%,0) -> 0 | G9: =IF(D9>=50,"visite","pause café") -> visite | H9: =IF(E9>=300000,"ok",E9-300000) -> -140000 | I9: =IF(H9="ok","J","L") -> L | J9: =E9/$E$12 -> 0.086909288
A12: Somme | E12: =SUM(E3:E9) -> 1841000
A13: Moyenne | E13: =AVERAGE(E3:E9) -> 263000
A14: Maxi | E14: =MAX(E3:E9) -> 658000
A15: Mini | E15: =MIN(E3:E9) -> 63000
A17: Nb de vendeurs | B17: =COUNTA(B3:B9) -> 7
A18: Nb de femmes | B18: =COUNTIF(B3:B9,"F") -> 4
A19: Nb hommes | B19: =COUNTIF(B3:B9,"H") -> 3
A20: Nb de pers de plus de 50 ans | B20: =COUNTIF(D3:D9,">=50") -> 2
A22: Nb vide | B22: =COUNTBLANK(B3:B9) -> 0
A23: Resultat femmes | B23: =SUMIF(B3:B9,"F",E3:E9) -> 995000
A24: Resultat hommes | B24: =SUMIF(B3:B9,"H",E3:E9) -> 846000
A26: Resultat femmes +de 50 ans | B26: =SUMIFS(E3:E9,D3:D9,">=50",B3:B9,"F") -> 280000

Sheet Décembre
A2: Noms | B2: SEXE | C2: Date de naissance | D2: age | E2: ventes | F2: Prime 2% | G2: Visite médicale | H2: Objectif | I2: Smileys | J2: Part en %
A3: Vendeur 1 | B3: H | C3: 32916 | D3: =DATEDIF(C3,TODAY(),"Y") -> 30 | E3: 125000 | F3: =IF(E3>=200000,E3*2%,0) -> 0 | G3: =IF(D3>=50,"visite","pause café") -> pause café | H3: =IF(E3>=300000,"ok",E3-300000) -> -175000 | I3: =IF(H3="ok","J","L") -> L | J3: =E3/$E$12 -> 0.067897882
A4: Vendeur 2 | B4: F | C4: 26526 | D4: =DATEDIF(C4,TODAY(),"Y") -> 48 | E4: 365000 | F4: =IF(E4>=200000,E4*2%,0) -> 7300 | G4: =IF(D4>=50,"visite","pause café") -> pause café | H4: =IF(E4>=300000,"ok",E4-300000) -> ok | I4: =IF(H4="ok","J","L") -> J | J4: =E4/$E$12 -> 0.19826181
A5: Vendeur 3 | B5: F | C5: 20576 | D5: =DATEDIF(C5,TODAY(),"Y") -> 64 | E5: 120000 | F5: =IF(E5>=200000,E5*2%,0) -> 0 | G5: =IF(D5>=50,"visite","pause café") -> visite | H5: =IF(E5>=300000,"ok",E5-300000) -> -180000 | I5: =IF(H5="ok","J","L") -> L | J5: =E5/$E$12 -> 0.065181966
A6: Vendeur 4 | B6: H | C6: 32721 | D6: =DATEDIF(C6,TODAY(),"Y") -> 31 | E6: 658000 | F6: =IF(E6>=200000,E6*2%,0) -> 13160 | G6: =IF(D6>=50,"visite","pause café") -> pause café | H6: =IF(E6>=300000,"ok",E6-300000) -> ok | I6: =IF(H6="ok","J","L") -> J | J6: =E6/$E$12 -> 0.35741445
A7: Vendeur 5 | B7: F | C7: 29983 | D7: =DATEDIF(C7,TODAY(),"Y") -> 38 | E7: 350000 | F7: =IF(E7>=200000,E7*2%,0) -> 7000 | G7: =IF(D7>=50,"visite","pause café") -> pause café | H7: =IF(E7>=300000,"ok",E7-300000) -> ok | I7: =IF(H7="ok","J","L") -> J | J7: =E7/$E$12 -> 0.19011407
A8: Vendeur 6 | B8: H | C8: 29921 | D8: =DATEDIF(C8,TODAY(),"Y") -> 39 | E8: 63000 | F8: =IF(E8>=200000,E8*2%,0) -> 0 | G8: =IF(D8>=50,"visite","pause café") -> pause café | H8: =IF(E8>=300000,"ok",E8-300000) -> -237000 | I8: =IF(H8="ok","J","L") -> L | J8: =E8/$E$12 -> 0.034220532
A9: Vendeur 7 | B9: F | C9: 23164 | D9: =DATEDIF(C9,TODAY(),"Y") -> 57 | E9: 160000 | F9: =IF(E9>=200000,E9*2%,0) -> 0 | G9: =IF(D9>=50,"visite","pause café") -> visite | H9: =IF(E9>=300000,"ok",E9-300000) -> -140000 | I9: =IF(H9="ok","J","L") -> L | J9: =E9/$E$12 -> 0.086909288
A12: Somme | E12: =SUM(E3:E9) -> 1841000
A13: Moyenne | E13: =AVERAGE(E3:E9) -> 263000
A14: Maxi | E14: =MAX(E3:E9) -> 658000
A15: Mini | E15: =MIN(E3:E9) -> 63000
A17: Nb de vendeurs | B17: =COUNTA(B3:B9) -> 7
A18: Nb de femmes | B18: =COUNTIF(B3:B9,"F") -> 4
A19: Nb hommes | B19: =COUNTIF(B3:B9,"H") -> 3
A20: Nb de pers de plus de 50 ans | B20: =COUNTIF(D3:D9,">=50") -> 2
A22: Nb vide | B22: =COUNTBLANK(B3:B9) -> 0
A23: Resultat femmes | B23: =SUMIF(B3:B9,"F",E3:E9) -> 995000
A24: Resultat hommes | B24: =SUMIF(B3:B9,"H",E3:E9) -> 846000
A26: Resultat femmes +de 50 ans | B26: =SUMIFS(E3:E9,D3:D9,">=50",B3:B9,"F") -> 280000

Sheet RECAP
A1: Recap vendeur
B3: Total | F3: Total
A4: Janvier | B4: =Janvier!E12 -> 1841000 | E4: Vendeur 1 | F4: =SUM(Janvier:Décembre!E3) -> 1577321
A5: Février | B5: =Février!E12 -> 1630908 | E5: Vendeur 2 | F5: =SUM(Janvier:Décembre!E4) -> 4233461
A6: Mars | B6: =Mars!E12 -> 2390014 | E6: Vendeur 3 | F6: =SUM(Janvier:Décembre!E5) -> 2469214
A7: Avril | B7: =Avril!E12 -> 1841000 | E7: Vendeur 4 | F7: =SUM(Janvier:Décembre!E6) -> 7251154
A8: Mai | B8: =Mai!E12 -> 1616098 | E8: Vendeur 5 | F8: =SUM(Janvier:Décembre!E7) -> 3476803
A9: Juin | B9: =Juin!E12 -> 2127467 | E9: Vendeur 6 | F9: =SUM(Janvier:Décembre!E8) -> 1301822
A10: Juillet | B10: =Juillet!E12 -> 2025969 | E10: Vendeur 7 | F10: =SUM(Janvier:Décembre!E9) -> 3132049
A11: Août | B11: =Aout!E12 -> 2605368 | E11: Total | F11: =SUM(F4:F10) -> 23441824
A12: Septembre | B12: =Septembre!E12 -> 1841000
A13: Octobre | B13: =Octobre!E12 -> 1841000
A14: Novembre | B14: =Novembre!E12 -> 1841000
A15: Décembre | B15: =Décembre!E12 -> 1841000
A16: Total | B16: =SUM(B4:B15) -> 23441824
